Domain	Protein Name	EC	Reference	Organism	GenBank	Uniprot	PDB/3D	Subf	Activity Id	Activity Name	Residue -2	Bond -1	Residue -1	Reacting Bond	Residue +1	Bond +1	Residue +2	Reactant	Exo-Endo	Inverting
Bacteria	"exo-1,5-L-arabinanase 43B (Abn43B; Clocl_3058)"	3.2.1.-	http://pubmed.ncbi.nlm.nih.gov/36251023	Acetivibrio clariflavus DSM 19732	AEV69589.1	G8LV12		26											exo	
Bacteria	"arabinan exo-α-1,5-L-arabinofuranosidase (AtAbf43C; Cthe_2138)(CBM42B)"	3.2.1.-	http://pubmed.ncbi.nlm.nih.gov/40785600	Acetivibrio thermocellus ATCC 27405	ABN53342.1	A3DHB3	"['9NXG[A,B]', '9NXH[A]', '9NXJ[A,B]']"	26	H180	"arabinan exo-a-1,5-L-arabinofuranosidase"			[aLAraf	"1,5"	aLAraf	"1,5"	aLAraf	H2O	exo	
Bacteria	"α-1,2-L-arabinofuranosidase 43D (BtAbf43D; BT0369; BT_0369)(Abf43D)"	3.2.1.-	"['http://pubmed.ncbi.nlm.nih.gov/29255254', 'http://pubmed.ncbi.nlm.nih.gov/21339299']"	Bacteroides thetaiotaomicron VPI-5482	AAO75476.1	Q8AAU5		29											exo	
Bacteria	α-L-arabinofuranosidase / exo-β-xylosidase  (AXH-m; BaXyl43A; BAD_1527; BAD1527)(Xyl43A)	3.2.1.-	"['http://pubmed.ncbi.nlm.nih.gov/23099913', 'http://pubmed.ncbi.nlm.nih.gov/39033088', 'http://pubmed.ncbi.nlm.nih.gov/39033088']"	Bifidobacterium adolescentis ATCC 15703	BAF40308.1	A1A3M5		22												
Bacteria	"α-1,3-L-arabinofuranosidase (HypAA; BLLJ_0213)"	3.2.1.-	https://doi.org/10.4052/tigg.24.215	Bifidobacterium longum subsp. longum JCM 1217	BAJ65883.1			29												
Bacteria	"bimodular α-1,3- and α-1,4-L-arabinofuranosidase (BlArafE; BLLJ_1850)"	3.2.1.-	http://pubmed.ncbi.nlm.nih.gov/35235007	Bifidobacterium longum subsp. longum JCM 1217	BAJ67514.1			22												
Bacteria	"bimodular α-1,5- and α-1,2-arabinofuranosidase (BlArafD; BLLJ_1851)"	3.2.1.-	http://pubmed.ncbi.nlm.nih.gov/35235007	Bifidobacterium longum subsp. longum JCM 1217	BAJ67515.1															
Bacteria	"α-1,2/1,3-L-arabinofuranosidase (BlArafC; BLLJ_1852)"	3.2.1.-	"['http://pubmed.ncbi.nlm.nih.gov/30635377', 'http://pubmed.ncbi.nlm.nih.gov/30635377', 'http://pubmed.ncbi.nlm.nih.gov/30635377', 'http://pubmed.ncbi.nlm.nih.gov/30635377']"	Bifidobacterium longum subsp. longum JCM 1217	BAJ67516.1			27												
Bacteria	"α-1,2/1,3-L-arabinofuranosidase (BlArafC; BLLJ_1852)"	3.2.1.-	"['http://pubmed.ncbi.nlm.nih.gov/30635377', 'http://pubmed.ncbi.nlm.nih.gov/30635377', 'http://pubmed.ncbi.nlm.nih.gov/30635377', 'http://pubmed.ncbi.nlm.nih.gov/30635377']"	Bifidobacterium longum subsp. longum JCM 1217	BAJ67516.1			27												
Bacteria	"exo-α-1,5-L-arabinofuranosidase (BlArafB; BLLJ_1853)"	3.2.1.-	http://pubmed.ncbi.nlm.nih.gov/30635377	Bifidobacterium longum subsp. longum JCM 1217	BAJ67517.1			22											exo	
Bacteria	"α-1,3-L-arabinofuranosidase (BlArafA; BLLJ_1854)"	3.2.1.-	http://pubmed.ncbi.nlm.nih.gov/30564851	Bifidobacterium longum subsp. longum JCM 1217	BAJ67518.1	A0A3R0A696		22												
Bacteria	"arabinan exo-α-1,2/1,3-L-arabinofuranosidase 43A (Abf2; BflsABF43A"	3.2.1.-	"['http://pubmed.ncbi.nlm.nih.gov/38542148', 'http://pubmed.ncbi.nlm.nih.gov/38542148', 'http://pubmed.ncbi.nlm.nih.gov/38542148', 'http://pubmed.ncbi.nlm.nih.gov/38542148']"	Bifidobacterium longum subsp. suis DSM 20211	WP_007055569.1	"['A0A151C4J3', 'A0AA87LLN4', 'A0AAV4L5D5']"		27											exo	
Bacteria	"arabinan exo-α-1,2/1,3-L-arabinofuranosidase 43A (Abf2; BflsABF43A"	3.2.1.-	"['http://pubmed.ncbi.nlm.nih.gov/38542148', 'http://pubmed.ncbi.nlm.nih.gov/38542148', 'http://pubmed.ncbi.nlm.nih.gov/38542148', 'http://pubmed.ncbi.nlm.nih.gov/38542148']"	Bifidobacterium longum subsp. suis DSM 20211	WP_007055569.1	"['A0A151C4J3', 'A0AA87LLN4', 'A0AAV4L5D5']"		27											exo	
Bacteria	"arabinan exo-α-1,5-L-arabinofuranosidase 43B (Abf1; BflsABF43B)"	3.2.1.-	http://pubmed.ncbi.nlm.nih.gov/38542148	Bifidobacterium longum subsp. suis DSM 20211	WP_007055573.1	"['A0A087B9Y3', 'A0A4R0T0X6', 'A0AA87IF47']"		26	H180	"arabinan exo-a-1,5-L-arabinofuranosidase"			[aLAraf	"1,5"	aLAraf	"1,5"	aLAraf	H2O	exo	
Bacteria	"endo-α-1,5-L-arabinanase / exo-α-1,5-L-arabinanase 43A (ArbA; CJA_0805)(Arb43A)"	3.2.1.-	"['http://pubmed.ncbi.nlm.nih.gov/9163351', 'http://pubmed.ncbi.nlm.nih.gov/9163351']"	Cellvibrio japonicus Ueda107	ACE84667.1	"['B3PKP8', 'P95470']"	"['1GYD[B]', '1GYE[B]', '1GYH[A,B,C,D,E,F]']"	5											endo/exo	
Bacteria	"exo-α-1,5-L-arabinofuranosidase 43K (CJA_3012)(Abf43K)"	3.2.1.-	http://pubmed.ncbi.nlm.nih.gov/21339299	Cellvibrio japonicus Ueda107	ACE82749.1	B3PD54		26											exo	
Bacteria	"α-1,2-L-arabinofuranosidase 43A (CjAbf43A; CJA_3018) (arabinan-specific)(Abf43A=Gly43N)"	3.2.1.-	http://pubmed.ncbi.nlm.nih.gov/21339299	Cellvibrio japonicus Ueda107	ACE83886.1	B3PD60	"['3QED[A,B,C,D]', '3QEE[A,B]', '3QEF[A,B]']"	29												
Bacteria	"exo-α-1,5-L-arabinofuranosidase 43L (CJA_0806)(Abf43L)"	3.2.1.-	http://pubmed.ncbi.nlm.nih.gov/21339299	Cellvibrio japonicus Ueda107	ACE84379.1	B3PKP9		26											exo	
Bacteria	"α-1,5-L-arabinofuranosidase (Abf3)"	3.2.1.-	http://pubmed.ncbi.nlm.nih.gov/23995921	Levilactobacillus brevis ATCC 14869 = DSM 20054	AGT14430.1	U2QSL8		26												
Bacteria	α-L-arabinofuranosidase II (Araf43;LbAraf43;N624_1993)	3.2.1.-	http://pubmed.ncbi.nlm.nih.gov/28485897	Levilactobacillus brevis DSM 1269 / TMW 1.313	APU52333.1	A0A5B7Y0Z3	"5M8B[A,B]"	26												
Bacteria	β-D-xylosidase (Pedsa_2569)	3.2.1.-	http://pubmed.ncbi.nlm.nih.gov/39708861	Pseudopedobacter saltans DSM 12145	ADY53113.1		"['8HCJ[A,B,C,D,E,F,G,H]', '9X3M[A,B,C,D,E,F,G,H]']"	29	H412	b-D-xylosidase			[bDXylp	"1,X"	alcohol			H2O		
Bacteria	multimodular arabinanase Abf43A-Abf43B-Abf43C(Abn43A)	3.2.1.-	"['http://pubmed.ncbi.nlm.nih.gov/30797476', 'http://pubmed.ncbi.nlm.nih.gov/30797476']"	Ruminiclostridium josui JCM 17888	BBA94052.1	A0A2Z5U6M1		22												
Bacteria	multimodular arabinanase Abf43A-Abf43B-Abf43C(Abn43A)	3.2.1.-	"['http://pubmed.ncbi.nlm.nih.gov/30797476', 'http://pubmed.ncbi.nlm.nih.gov/30797476', 'http://pubmed.ncbi.nlm.nih.gov/30797476', 'http://pubmed.ncbi.nlm.nih.gov/30797476']"	Ruminiclostridium josui JCM 17888	BBA94052.1	A0A2Z5U6M1		26												
Bacteria	multimodular arabinanase Abf43A-Abf43B-Abf43C(Abn43A)	3.2.1.-	"['http://pubmed.ncbi.nlm.nih.gov/30797476', 'http://pubmed.ncbi.nlm.nih.gov/30797476', 'http://pubmed.ncbi.nlm.nih.gov/30797476', 'http://pubmed.ncbi.nlm.nih.gov/30797476']"	Ruminiclostridium josui JCM 17888	BBA94052.1	A0A2Z5U6M1		26												
Bacteria	"exo-α-1,5-L-arabinofuranosidase 43A (SaAraf43A; SAV1043)(Araf43A)"	3.2.1.-	http://pubmed.ncbi.nlm.nih.gov/18665359	Streptomyces avermitilis MA-4680 = NBRC 14893	BAC68753.1	Q82P90	"['3AKF[A]', '3AKG[A]', '3AKH[A]', '3AKI[A]']"	26											exo	
Bacteria	"exo-α-1,5-L-arabinofuranosidase II (AFase II)"	3.2.1.-	http://pubmed.ncbi.nlm.nih.gov/10657233	Streptomyces chartreusis GS901	BAA90772.1	P82594		26											exo	
Bacteria	"exo-α-1,5-L-arabinanase (Arn3; ARN3)"	3.2.1.-	http://pubmed.ncbi.nlm.nih.gov/18483735	uncultured bacterium	ADB43999.1	D2XML8	"4KCB[A,B]"	5											exo	
Bacteria	"α-1,3-L-arabinofuranosidase (MG43_7; Beaver_12_H03_12)"	3.2.1.-	http://pubmed.ncbi.nlm.nih.gov/32948521	uncultured bacterium	QNO39518.1	A0A7G9XVI2		7												
Bacteria	β-xylosidase (r_03-04) (fragment)	3.2.1.-	http://pubmed.ncbi.nlm.nih.gov/22761666	uncultured bacterium r_03	AFN57688.1	I6XP31		1												
Bacteria	α-L-arabinofuranosidase (Araf43;WAraf43)	3.2.1.-	http://pubmed.ncbi.nlm.nih.gov/28485897	Weissella sp. 142	APU52332.1	"['A0A0D1M7L2', 'A0A1L7HA00']"	"5M8E[A,B]"	26												
Bacteria	"α-1,3-L-arabinofuranosidase (XeHypAA; XCV2728)"	3.2.1.-	http://pubmed.ncbi.nlm.nih.gov/16237009	Xanthomonas euvesicatoria pv. vesicatoria str. 85-10	CAJ24407.1	Q3BS04		29												
Bacteria	exo-α-L-arabinofuranosidase (MC60GH43)	3.2.1.-	http://pubmed.ncbi.nlm.nih.gov/36371193	Xylanivirga thermophila	UKG18725.1			26											exo	
Bacteria	exo-α-L-arabinofuranosidase (MC68GH43-2)	3.2.1.-	http://pubmed.ncbi.nlm.nih.gov/36371193	Xylanivirga thermophila	UKG18728.1			26											exo	
Bacteria	"[arabinogalactan] exo-β-1,3-galactanase (Ct1,3Gal43A; CtGH43; Cthe_0661)(1,3Gal43A)"	3.2.1.145	http://pubmed.ncbi.nlm.nih.gov/16672498	Acetivibrio thermocellus ATCC 27405	ABN51896.1	A3DD67	"['3VSF[A,B,C,D,E,F]', '3VSZ[A,B,C,D,E,F]', '3VT0[A,B,C,D,E,F]', '3VT1[A,B,C,D,E,F]', '3VT2[A,B,C,D,E,F]']"	24	H113	"galactan exo-b-1,3-galactosidase"			[bDGalp	"1,3"	bDGalp	"1,3"	bDGalp	H2O	exo	
Bacteria	"exo-β-1,3-galactanase (BT0265; BT_0265)"	3.2.1.145	http://pubmed.ncbi.nlm.nih.gov/30349080	Bacteroides thetaiotaomicron VPI-5482	AAO75372.1	Q8AB46	"['6EUF[A,B,C,D]', '6EUJ[A,B,C,D]']"	24	H113	"galactan exo-b-1,3-galactosidase"			[bDGalp	"1,3"	bDGalp	"1,3"	bDGalp	H2O	exo	
Bacteria	"exo-β-1,3-galactosidase (BT3683; BT_3683)"	3.2.1.145	http://pubmed.ncbi.nlm.nih.gov/30349080	Bacteroides thetaiotaomicron VPI-5482	AAO78788.1	Q8A1H8	"['6EUG[A]', '6EUH[A,B,C]', '6EUI[A]']"	24	H113	"galactan exo-b-1,3-galactosidase"			[bDGalp	"1,3"	bDGalp	"1,3"	bDGalp	H2O	exo	
Bacteria	"exo-β-1,3-galactosidase (BT3685; BT_3685)"	3.2.1.145	http://pubmed.ncbi.nlm.nih.gov/30349080	Bacteroides thetaiotaomicron VPI-5482	AAO78790.1	Q8A1H6		24	H113	"galactan exo-b-1,3-galactosidase"			[bDGalp	"1,3"	bDGalp	"1,3"	bDGalp	H2O	exo	
Bacteria	"exo-β-1,3-galactanase (Bl1,3Gal; BLLJ_1840)"	3.2.1.145	http://pubmed.ncbi.nlm.nih.gov/24837371	Bifidobacterium longum subsp. longum JCM 1217	BAJ67504.1			24	H113	"galactan exo-b-1,3-galactosidase"			[bDGalp	"1,3"	bDGalp	"1,3"	bDGalp	H2O	exo	
Bacteria	"galactan exo-β-1,3-galactosidase (BpGH43_24; BACPLE_00335)"	3.2.1.145	http://pubmed.ncbi.nlm.nih.gov/34340552	Phocaeicola plebeius DSM 17135	EDY97139.1	B5CUG4		24	H113	"galactan exo-b-1,3-galactosidase"			[bDGalp	"1,3"	bDGalp	"1,3"	bDGalp	H2O	exo	
Bacteria	"exo-β-1,3-galactanase (Exo-1,3-Gal)"	3.2.1.145	http://pubmed.ncbi.nlm.nih.gov/21452032	Sphingomonas sp. 24T	BDD85635.1			24	H113	"galactan exo-b-1,3-galactosidase"			[bDGalp	"1,3"	bDGalp	"1,3"	bDGalp	H2O	exo	
Bacteria	"exo-β-1,3-galactanase (Sa1,3Gal43A;SAV2109)(1,3Gal43A)"	3.2.1.145	http://pubmed.ncbi.nlm.nih.gov/17090926	Streptomyces avermitilis MA-4680 = NBRC 14893	BAC69820.1	Q82LA2		24	H113	"galactan exo-b-1,3-galactosidase"			[bDGalp	"1,3"	bDGalp	"1,3"	bDGalp	H2O	exo	
Bacteria	"exo-β-1,3-galactanase (SGalase2)"	3.2.1.145	http://pubmed.ncbi.nlm.nih.gov/22464224	Streptomyces sp. 19(2012)	AFH55135.1	I0B0T0		24	H113	"galactan exo-b-1,3-galactosidase"			[bDGalp	"1,3"	bDGalp	"1,3"	bDGalp	H2O	exo	
Bacteria	"exo-β-1,3-galactanase (SGalase1) (partial)"	3.2.1.145	http://pubmed.ncbi.nlm.nih.gov/22464224	Streptomyces sp. 19(2012)	AFH55134.1	I0B0S9		24	H113	"galactan exo-b-1,3-galactosidase"			[bDGalp	"1,3"	bDGalp	"1,3"	bDGalp	H2O	exo	
Bacteria	β-D-galactofuranosidase (weak activity) (AMED_5364)	3.2.1.146	http://pubmed.ncbi.nlm.nih.gov/30850540	Amycolatopsis mediterranei U32	ADJ47124.1	"['A0A0H3DBX5', 'D8I4F0']"		37	H114	b-galactofuranosidase			[bDGalf	"1,X"	alcohol			H2O		
Bacteria	β-D-galactofuranosidase (BcellWH2_02640;BACWH2_2462;Arba_1)	3.2.1.146	http://pubmed.ncbi.nlm.nih.gov/30850540	Bacteroides cellulosilyticus WH2	ALJ59879.1	"['A0A0P0FQL6', 'A0A139LLD8', 'A0A1C5WG38', 'E2NBW3']"		3	H114	b-galactofuranosidase			[bDGalf	"1,X"	alcohol			H2O		
Bacteria	β-D-galactofuranosidase (BACFIN_08810)	3.2.1.146	http://pubmed.ncbi.nlm.nih.gov/37076525	Bacteroides finegoldii DSM 17565	EEX43527.1	C9L2H9		31	H114	b-galactofuranosidase			[bDGalf	"1,X"	alcohol			H2O		
Bacteria	β-D-galactofuranosidase (Xsa_3;Bovatus_03644; revised model of BACOVA_03336 ZP_02066340.1)	3.2.1.146	http://pubmed.ncbi.nlm.nih.gov/30850540	Bacteroides ovatus ATCC 8483	ALJ48250.1			34	H114	b-galactofuranosidase			[bDGalf	"1,X"	alcohol			H2O		
Bacteria	β-D-galactofuranosidase (HMPREF1071_01763)	3.2.1.146	http://pubmed.ncbi.nlm.nih.gov/30850540	Bacteroides salyersiae CL02T12C01	EIY66405.1	I8YTH8		8	H114	b-galactofuranosidase			[bDGalf	"1,X"	alcohol			H2O		
Bacteria	β-D-galactofuranosidase (Belba_3293)	3.2.1.146	http://pubmed.ncbi.nlm.nih.gov/30850540	Belliella baltica DSM 15883	AFL85801.1	I3Z983		31	H114	b-galactofuranosidase			[bDGalf	"1,X"	alcohol			H2O		
Bacteria	β-D-galactofuranosidase (weak activity) (SAMN04515690_3677)	3.2.1.146	http://pubmed.ncbi.nlm.nih.gov/30850540	Leifsonia sp. 197AMF	SDH69004.1			32	H114	b-galactofuranosidase			[bDGalf	"1,X"	alcohol			H2O		
Bacteria	β-D-galactofuranosidase (GA0074704_5727)	3.2.1.146	http://pubmed.ncbi.nlm.nih.gov/30850540	Micromonospora siamensis DSM 45097	SCG78792.1	A0A1C5K7P2		30	H114	b-galactofuranosidase			[bDGalf	"1,X"	alcohol			H2O		
Bacteria	β-D-galactofuranosidase (weak activity) (Oter_3903)	3.2.1.146	http://pubmed.ncbi.nlm.nih.gov/30850540	Opitutus terrae PB90-1	ACB77177.1	B1ZZA2		32	H114	b-galactofuranosidase			[bDGalf	"1,X"	alcohol			H2O		
Bacteria	β-D-galactofuranosidase (Pjdr2_0435)	3.2.1.146	http://pubmed.ncbi.nlm.nih.gov/30850540	Paenibacillus sp. JDR-2	ACS99115.1	C6CSG3		34	H114	b-galactofuranosidase			[bDGalf	"1,X"	alcohol			H2O		
Bacteria	β-D-galactofuranosidase (weak activity) (Snas_0206)	3.2.1.146	http://pubmed.ncbi.nlm.nih.gov/30850540	Stackebrandtia nassauensis DSM 44728	ADD39925.1	D3Q1S7		30	H114	b-galactofuranosidase			[bDGalf	"1,X"	alcohol			H2O		
Bacteria	"endo-β-1,3-galactanase (BT0264; BT_0264)"	3.2.1.181	http://pubmed.ncbi.nlm.nih.gov/30349080	Bacteroides thetaiotaomicron VPI-5482	AAO75371.1	Q8AB47		24	H146	"galactan endo-b-1,3-galactosidase"	bDGalp	"1,3"	bDGalp	"1,3"	bDGalp	"1,3"	bDGalp	H2O	endo	
Bacteria	β-xylosidase 43C (Clocl_0074)(Xyl43C)	3.2.1.37	https://doi.org/10.15376/biores.12.4.9253-9262	Acetivibrio clariflavus DSM 19732	AEV66831.1	G8LZG8		1	H27	"xylan exo-b-1,4-xylosidase"			[bDXylp	"1,4"	bDXylp	"1,4"	bDXylp	H2O	exo	
Bacteria	bifunctional β-xylosidase / α-L-arabinofuranosidase (AxB8; Cthe_2196)	3.2.1.37	"['http://pubmed.ncbi.nlm.nih.gov/29224629', 'http://pubmed.ncbi.nlm.nih.gov/29224629']"	Acetivibrio thermocellus ATCC 27405	ABN53398.1	A3DHG9		29	H27	"xylan exo-b-1,4-xylosidase"			[bDXylp	"1,4"	bDXylp	"1,4"	bDXylp	H2O	exo	
Bacteria	β-xylosidase (AmX; Amet_3317)	3.2.1.37	http://pubmed.ncbi.nlm.nih.gov/23053115	Alkaliphilus metalliredigens QYMF	ABR49445.1	A6TTC7		11	H27	"xylan exo-b-1,4-xylosidase"			[bDXylp	"1,4"	bDXylp	"1,4"	bDXylp	H2O	exo	
Bacteria	β-xylosidase (BpX; XynB; E-BXSEBP)	3.2.1.37	http://pubmed.ncbi.nlm.nih.gov/2440680	Bacillus pumilus IPO	CAA29235.1	P07129	"['5ZQJ[A,B]', '5ZQS[A,B]', '5ZQX[A,B,C,D]']"	11	H27	"xylan exo-b-1,4-xylosidase"			[bDXylp	"1,4"	bDXylp	"1,4"	bDXylp	H2O	exo	
Bacteria	β-xylosidase (XynB)	3.2.1.37	http://pubmed.ncbi.nlm.nih.gov/9114518	Bacillus pumilus PLS	AAC97375.1	"['A0A4V8GZZ0', 'Q9Z477']"	"6IFE[A,B]"	11	H27	"xylan exo-b-1,4-xylosidase"			[bDXylp	"1,4"	bDXylp	"1,4"	bDXylp	H2O	exo	
Bacteria	β-xylosidase / α-L-arabinofuranosidase (XYL)	3.2.1.37	"['http://pubmed.ncbi.nlm.nih.gov/31174809', 'http://pubmed.ncbi.nlm.nih.gov/31174809']"	Bacillus pumilus TCCC 11350	AYN44931.1	A0A3G2JTQ1		11	H27	"xylan exo-b-1,4-xylosidase"			[bDXylp	"1,4"	bDXylp	"1,4"	bDXylp	H2O	exo	
Bacteria	β-xylosidase (XylB)	3.2.1.37	http://pubmed.ncbi.nlm.nih.gov/9678255	Bacillus sp. KK-1	AAC27699.1	O52729		11	H27	"xylan exo-b-1,4-xylosidase"			[bDXylp	"1,4"	bDXylp	"1,4"	bDXylp	H2O	exo	
Bacteria	"β-1,4-xylosidase (BsX; XynB; YnaK; BSU17580)"	3.2.1.37	http://pubmed.ncbi.nlm.nih.gov/23053115	Bacillus subtilis subsp. subtilis str. 168	AAB41091.1	"['A0A6M3ZBF4', 'P94489']"	"1YIF[A,B,C,D]"	11	H27	"xylan exo-b-1,4-xylosidase"			[bDXylp	"1,4"	bDXylp	"1,4"	bDXylp	H2O	exo	
Bacteria	β-xylosidase (BiXyl43A;BACINT_04203)(Xyl43A)	3.2.1.37	http://pubmed.ncbi.nlm.nih.gov/27681607	Bacteroides intestinalis DSM 17393	EDV05060.1	B3CES2		1	H27	"xylan exo-b-1,4-xylosidase"			[bDXylp	"1,4"	bDXylp	"1,4"	bDXylp	H2O	exo	
Bacteria	β-xylosidase (BACOVA_00487)(BoXyl43A)	3.2.1.37		Bacteroides ovatus ATCC 8483	QDD67338.1	A0A4Y5UXD0		1	H27	"xylan exo-b-1,4-xylosidase"			[bDXylp	"1,4"	bDXylp	"1,4"	bDXylp	H2O	exo	
Bacteria	β-xylosidase / α-L-arabinofuranosidase (BoXA; Xsa; XSA)	3.2.1.37	"['http://pubmed.ncbi.nlm.nih.gov/7766665', 'http://pubmed.ncbi.nlm.nih.gov/7766665']"	Bacteroides ovatus V975	AAB08024.1	"['B2KZK6', 'P49943']"		1	H27	"xylan exo-b-1,4-xylosidase"			[bDXylp	"1,4"	bDXylp	"1,4"	bDXylp	H2O	exo	
Bacteria	β-xylosidase / α-L-arabinofuranosidase (N1089)	3.2.1.37	"['http://pubmed.ncbi.nlm.nih.gov/33260318', 'http://pubmed.ncbi.nlm.nih.gov/33260318']"	Bacteroides thetaiotaomicron CMU13	CUN22903.1	A0AB33TNS3		2	H27	"xylan exo-b-1,4-xylosidase"			[bDXylp	"1,4"	bDXylp	"1,4"	bDXylp	H2O	exo	
Bacteria	β-xylosidase C (XylC; XynB; BAD_0428; BAD0428)	3.2.1.37	http://pubmed.ncbi.nlm.nih.gov/21691791	Bifidobacterium adolescentis ATCC 15703	BAF39209.1	A1A0H6		11	H27	"xylan exo-b-1,4-xylosidase"			[bDXylp	"1,4"	bDXylp	"1,4"	bDXylp	H2O	exo	
Bacteria	α-L-arabinofuranosidase / exo-β-xylosidase  (AXH-m; BaXyl43A; BAD_1527; BAD1527)(Xyl43A)	3.2.1.37	"['http://pubmed.ncbi.nlm.nih.gov/23099913', 'http://pubmed.ncbi.nlm.nih.gov/39033088', 'http://pubmed.ncbi.nlm.nih.gov/39033088']"	Bifidobacterium adolescentis ATCC 15703	BAF40308.1	A1A3M5		22	H27	"xylan exo-b-1,4-xylosidase"			[bDXylp	"1,4"	bDXylp	"1,4"	bDXylp	H2O	exo	
Bacteria	β-xylosidase (BXA43; BIF_00092)	3.2.1.37	http://pubmed.ncbi.nlm.nih.gov/20851982	Bifidobacterium animalis subsp. lactis BB-12	ADC85541.1	D3R467		11	H27	"xylan exo-b-1,4-xylosidase"			[bDXylp	"1,4"	bDXylp	"1,4"	bDXylp	H2O	exo	
Bacteria	β-xylosidase 2 (BfdXYL2; XynB2; HMPREF0168_1367)	3.2.1.37	http://pubmed.ncbi.nlm.nih.gov/34949752	Bifidobacterium dentium ATCC 27679	EFM41051.1	E0Q8A9		11	H27	"xylan exo-b-1,4-xylosidase"			[bDXylp	"1,4"	bDXylp	"1,4"	bDXylp	H2O	exo	
Bacteria	β-xylosidase 43B (BpXyl43B; BBPC_0450; BBPC_RS02300)(Xyl43B)	3.2.1.37	http://pubmed.ncbi.nlm.nih.gov/33036985	Bifidobacterium pseudocatenulatum DSM 20438 = JCM 1200 = LMG 10505	BAR03128.1			11	H27	"xylan exo-b-1,4-xylosidase"			[bDXylp	"1,4"	bDXylp	"1,4"	bDXylp	H2O	exo	
Bacteria	β-xylosidase 43C (BpXyl43C; BBPC_0472; BBPC_RS02400)(Xyl43C)	3.2.1.37	http://pubmed.ncbi.nlm.nih.gov/33036985	Bifidobacterium pseudocatenulatum DSM 20438 = JCM 1200 = LMG 10505	BAR03150.1			11	H27	"xylan exo-b-1,4-xylosidase"			[bDXylp	"1,4"	bDXylp	"1,4"	bDXylp	H2O	exo	
Bacteria	β-xylosidase 43A (BpXyl43A ; BBPC_0315; BBPC_RS01595)(Xyl43A)	3.2.1.37	http://pubmed.ncbi.nlm.nih.gov/33036985	Bifidobacterium pseudocatenulatum DSM 20438 = JCM 1200 = LMG 10505	BAR02993.1			11	H27	"xylan exo-b-1,4-xylosidase"			[bDXylp	"1,4"	bDXylp	"1,4"	bDXylp	H2O	exo	
Bacteria	α-L-arabinofuranosidase / β-xylosidase (XylB)	3.2.1.37	"['http://pubmed.ncbi.nlm.nih.gov/1905520', 'http://pubmed.ncbi.nlm.nih.gov/1905520']"	Butyrivibrio fibrisolvens GS 113	AAA63610.1	P45982		12	H27	"xylan exo-b-1,4-xylosidase"			[bDXylp	"1,4"	bDXylp	"1,4"	bDXylp	H2O	exo	
Bacteria	α-L-arabinofuranosidase (Xsa43E;bpr_I2319)	3.2.1.37	"['http://pubmed.ncbi.nlm.nih.gov/25195890', 'http://pubmed.ncbi.nlm.nih.gov/25195890']"	Butyrivibrio proteoclasticus B316	ADL35052.1	E0RYY0	4NOV[A]	29	H27	"xylan exo-b-1,4-xylosidase"			[bDXylp	"1,4"	bDXylp	"1,4"	bDXylp	H2O	exo	
Bacteria	bifunctional β-xylosidase / α-L-arabinofuranosidase (CAX43; Csac_0359)	3.2.1.37	"['http://pubmed.ncbi.nlm.nih.gov/35223784', 'http://pubmed.ncbi.nlm.nih.gov/35223784']"	Caldicellulosiruptor saccharolyticus DSM 8903	ABP66000.1	A4XGG5		10	H27	"xylan exo-b-1,4-xylosidase"			[bDXylp	"1,4"	bDXylp	"1,4"	bDXylp	H2O	exo	
Bacteria	bifunctional β-xylosidase I / α-L-arabinofuranosidase (XynB1;CCNA_01040)	3.2.1.37	"['http://pubmed.ncbi.nlm.nih.gov/22806729', 'http://pubmed.ncbi.nlm.nih.gov/22806729']"	Caulobacter vibrioides NA1000	ACL94505.1	"['A0A0H3C5C2', 'B8H2V1']"		11	H27	"xylan exo-b-1,4-xylosidase"			[bDXylp	"1,4"	bDXylp	"1,4"	bDXylp	H2O	exo	
Bacteria	β-xylosidase 43A (CJA_3070)(Xyl43A=Gly43G)	3.2.1.37	http://pubmed.ncbi.nlm.nih.gov/21339299	Cellvibrio japonicus Ueda107	ACE82692.1	B3PDB2		1	H27	"xylan exo-b-1,4-xylosidase"			[bDXylp	"1,4"	bDXylp	"1,4"	bDXylp	H2O	exo	
Bacteria	β-xylosidase (Xyl43; EcXyl43)	3.2.1.37	http://pubmed.ncbi.nlm.nih.gov/23838121	Enterobacter sp. enrichment culture clone nf1B6	AFZ78871.1	"['A0AAT8XUI4', 'V5J3M5']"	"['7K1R[A,B,C,D]', '8UWS[A,B,C,D]']"	11	H27	"xylan exo-b-1,4-xylosidase"			[bDXylp	"1,4"	bDXylp	"1,4"	bDXylp	H2O	exo	
Bacteria	β-xylosidase (FII1_GH43_10)	3.2.1.37	http://pubmed.ncbi.nlm.nih.gov/37121608	Flavimarina sp. Hel_I_48	WP_051908009.1			10	H27	"xylan exo-b-1,4-xylosidase"			[bDXylp	"1,4"	bDXylp	"1,4"	bDXylp	H2O	exo	
Bacteria	[oligo-ulvan] β-xylosidase (BN863_22160)	3.2.1.37	http://pubmed.ncbi.nlm.nih.gov/31285597	Formosa agariphila KMM 3901	CDF79928.1	T2KN85		10	H27	"xylan exo-b-1,4-xylosidase"			[bDXylp	"1,4"	bDXylp	"1,4"	bDXylp	H2O	exo	
Bacteria	β-xylosidase (XynB3;HUS_CDS105)	3.2.1.37	http://pubmed.ncbi.nlm.nih.gov/15628881	Geobacillus stearothermophilus T-6 NCIMB 40222	AAT98625.1	Q09LX0	"['2EXH[A,B,C,D]', '2EXI[A,B,C,D]', '2EXJ[A,B,C,D]', '2EXK[A,B,C,D]']"	11	H27	"xylan exo-b-1,4-xylosidase"			[bDXylp	"1,4"	bDXylp	"1,4"	bDXylp	H2O	exo	
Bacteria	β-xylosidase B3 (XynB3; GTNG_1758)	3.2.1.37	http://pubmed.ncbi.nlm.nih.gov/28616644	Geobacillus thermodenitrificans NG80-2	ABO67122.1	A4IP68		11	H27	"xylan exo-b-1,4-xylosidase"			[bDXylp	"1,4"	bDXylp	"1,4"	bDXylp	H2O	exo	
Bacteria	β-xylosidase (Xyl; GTXyl; GbtXyl43A)(Xyl43A)	3.2.1.37	"['http://pubmed.ncbi.nlm.nih.gov/18815904', 'http://pubmed.ncbi.nlm.nih.gov/18007043']"	Geobacillus thermoleovorans IT-08	ABC75004.1	Q2I2N4	"['5Z5D[A]', '5Z5F[A]', '5Z5H[A]', '5Z5I[A]']"	12	H27	"xylan exo-b-1,4-xylosidase"			[bDXylp	"1,4"	bDXylp	"1,4"	bDXylp	H2O	exo	
Bacteria	β-xylosidase / exo-xylanase (GbtXyl43B)(Xyl43B)	3.2.1.37	http://pubmed.ncbi.nlm.nih.gov/23797510	Geobacillus thermoleovorans IT-08	ABD48561.1	Q27R94		27	H27	"xylan exo-b-1,4-xylosidase"			[bDXylp	"1,4"	bDXylp	"1,4"	bDXylp	H2O	exo	
Bacteria	β-xylosidase (XynB; XylBH43; BH3683)	3.2.1.37	https://doi.org/10.1016/j.procbio.2011.07.009	Halalkalibacterium halodurans C-125	BAB07402.1	Q9K6P5	"1YRZ[A,B]"	11	H27	"xylan exo-b-1,4-xylosidase"			[bDXylp	"1,4"	bDXylp	"1,4"	bDXylp	H2O	exo	
Bacteria	"xylan β-1,4-xylosidase (XylA; HHT355_0966)"	3.2.1.37	http://pubmed.ncbi.nlm.nih.gov/28450260	Herbinix hemicellulosilytica	CRZ34169.1	A0A0H5SFF4		1	H27	"xylan exo-b-1,4-xylosidase"			[bDXylp	"1,4"	bDXylp	"1,4"	bDXylp	H2O	exo	
Bacteria	"β-1,4-xylosidase B (XynB)"	3.2.1.37	http://pubmed.ncbi.nlm.nih.gov/14532050	Klebsiella oxytoca M5A1	AAQ62864.1	Q6WB20		11	H27	"xylan exo-b-1,4-xylosidase"			[bDXylp	"1,4"	bDXylp	"1,4"	bDXylp	H2O	exo	
Bacteria	β-xylosidase (XynB1)	3.2.1.37	http://pubmed.ncbi.nlm.nih.gov/23995921	Levilactobacillus brevis ATCC 14869 = DSM 20054	AGT14429.1	T1SF68		11	H27	"xylan exo-b-1,4-xylosidase"			[bDXylp	"1,4"	bDXylp	"1,4"	bDXylp	H2O	exo	
Bacteria	β-xylosidase 2 (XynB2)	3.2.1.37	http://pubmed.ncbi.nlm.nih.gov/23995921	Levilactobacillus brevis ATCC 14869 = DSM 20054	AGT14431.1	U2QPM2		11	H27	"xylan exo-b-1,4-xylosidase"			[bDXylp	"1,4"	bDXylp	"1,4"	bDXylp	H2O	exo	
Bacteria	β-xylosidase (LbX; XynB2; LVIS_2285)	3.2.1.37	http://pubmed.ncbi.nlm.nih.gov/23053115	Levilactobacillus brevis ATCC 367	ABJ65333.1	Q03N89		11	H27	"xylan exo-b-1,4-xylosidase"			[bDXylp	"1,4"	bDXylp	"1,4"	bDXylp	H2O	exo	
Bacteria	multifunctional exo-β-xylosidase / α-L-arabinofuranosidase  (GH43B6)	3.2.1.37	"['https://doi.org/10.15376/biores.10.2.2492-2505', 'https://doi.org/10.15376/biores.10.2.2492-2505']"	Paenibacillus curdlanolyticus B-6	AIU98619.1	A0A0A0R2Z1		1	H27	"xylan exo-b-1,4-xylosidase"			[bDXylp	"1,4"	bDXylp	"1,4"	bDXylp	H2O	exo	
Bacteria	multifunctional α-L-arabinofuranosidase / endoxylanase / β-xylosidase (Axy43A; PcAxy43A; Xyl43AB6)	3.2.1.37	"['http://pubmed.ncbi.nlm.nih.gov/27663030', 'http://pubmed.ncbi.nlm.nih.gov/27663030', 'http://pubmed.ncbi.nlm.nih.gov/27663030']"	Paenibacillus curdlanolyticus B-6	AIW81427.1	A0A0A0WCE4		35	H27	"xylan exo-b-1,4-xylosidase"			[bDXylp	"1,4"	bDXylp	"1,4"	bDXylp	H2O	exo	
Bacteria	multifunctional α-L-arabinofuranosidase / endoxylanase / β-xylosidase (PcAxy43B)	3.2.1.37	"['http://pubmed.ncbi.nlm.nih.gov/34613758', 'http://pubmed.ncbi.nlm.nih.gov/34613758', 'http://pubmed.ncbi.nlm.nih.gov/34613758']"	Paenibacillus curdlanolyticus B-6	AIY28330.1	A0A0A1ED93		16	H27	"xylan exo-b-1,4-xylosidase"			[bDXylp	"1,4"	bDXylp	"1,4"	bDXylp	H2O	exo	
Bacteria	β-xylosidase 43A (PpXyl43A; Xsa; Pph_0602; GCM10010917_12990)(Xyl43A)	3.2.1.37	http://pubmed.ncbi.nlm.nih.gov/34687975	Paenibacillus physcomitrellae CGMCC 1.15044	GGA29392.1	A0ABQ1FUS1		1	H27	"xylan exo-b-1,4-xylosidase"			[bDXylp	"1,4"	bDXylp	"1,4"	bDXylp	H2O	exo	
Bacteria	β-xylosidase 43B (PpXyl43B; Pph_2344; CM10010917_34190)(Xyl43B)	3.2.1.37	"['http://pubmed.ncbi.nlm.nih.gov/34687975', 'http://pubmed.ncbi.nlm.nih.gov/34687975']"	Paenibacillus physcomitrellae CGMCC 1.15044	GGA46072.1	A0ABQ1GLB2		11	H27	"xylan exo-b-1,4-xylosidase"			[bDXylp	"1,4"	bDXylp	"1,4"	bDXylp	H2O	exo	
Bacteria	β-xylosidase /α-L-arabinofuranosidase (XylC)	3.2.1.37	"['http://pubmed.ncbi.nlm.nih.gov/21193828', 'http://pubmed.ncbi.nlm.nih.gov/21193828']"	Paenibacillus woosongensis	ADV16404.1	E7DXB6		35	H27	"xylan exo-b-1,4-xylosidase"			[bDXylp	"1,4"	bDXylp	"1,4"	bDXylp	H2O	exo	
Bacteria	β-xylosidase (PxXyl43A)(Xyl43A)	3.2.1.37	http://pubmed.ncbi.nlm.nih.gov/36312872	Paenibacillus xylaniclasticus TW1	BDA87314.1			12	H27	"xylan exo-b-1,4-xylosidase"			[bDXylp	"1,4"	bDXylp	"1,4"	bDXylp	H2O	exo	
Bacteria	"β-1,4-xylosidase 43A (JOP69_09760)(Xyl43A)"	3.2.1.37	http://pubmed.ncbi.nlm.nih.gov/38169280	Polaribacter sp. Q13	QVY64065.1			1	H27	"xylan exo-b-1,4-xylosidase"			[bDXylp	"1,4"	bDXylp	"1,4"	bDXylp	H2O	exo	
Bacteria	β-xylosidase (Ccel_1231)	3.2.1.37	http://pubmed.ncbi.nlm.nih.gov/31198441	Ruminiclostridium cellulolyticum H10	ACL75587.1	B8I0L2		29	H27	"xylan exo-b-1,4-xylosidase"			[bDXylp	"1,4"	bDXylp	"1,4"	bDXylp	H2O	exo	
Bacteria	bifunctional β-xylosidase / α-L-arabinofuranosidase (Ccel_1235)	3.2.1.37	"['http://pubmed.ncbi.nlm.nih.gov/31198441', 'http://pubmed.ncbi.nlm.nih.gov/31198441']"	Ruminiclostridium cellulolyticum H10	ACL75591.1	B8I0L6		29	H27	"xylan exo-b-1,4-xylosidase"			[bDXylp	"1,4"	bDXylp	"1,4"	bDXylp	H2O	exo	
Bacteria	β-xylosidase (XynB;Orf0389;00389-GPBOY;PBR_0394)	3.2.1.37	http://pubmed.ncbi.nlm.nih.gov/7487028	Segatella baroniae B14	CAA89208.1	"['P48791', 'Q7AUW6']"		1	H27	"xylan exo-b-1,4-xylosidase"			[bDXylp	"1,4"	bDXylp	"1,4"	bDXylp	H2O	exo	
Bacteria	β-xylosidase (PREVCOP_02876; PREVCOP_04951)	3.2.1.37	http://pubmed.ncbi.nlm.nih.gov/34142143	Segatella copri DSM 18205	EFB35669.1	"['A0A6I2TZV0', 'D1PCL7']"		1	H27	"xylan exo-b-1,4-xylosidase"			[bDXylp	"1,4"	bDXylp	"1,4"	bDXylp	H2O	exo	
Bacteria	β-xylosidase / α-L-arabinofuranosidase (Xsa; Sxa; SXA; SrXyl43; E-BXSR)	3.2.1.37	"['http://pubmed.ncbi.nlm.nih.gov/11683366', 'http://pubmed.ncbi.nlm.nih.gov/11683366']"	Selenomonas ruminantium GA192	AAB97967.1	O52575	"3C2U[A,B,C,D]"	11	H27	"xylan exo-b-1,4-xylosidase"			[bDXylp	"1,4"	bDXylp	"1,4"	bDXylp	H2O	exo	
Bacteria	β-xylosidase (Xyl455)	3.2.1.37	https://doi.org/10.1016/j.molcatb.2014.03.019	Sphingobacterium sp. HP455	AGL51118.1	R4P2Z4		1	H27	"xylan exo-b-1,4-xylosidase"			[bDXylp	"1,4"	bDXylp	"1,4"	bDXylp	H2O	exo	
Bacteria	[ginsenoside] β-xylosidase (StGH43; STRTUCAR8_01029)	3.2.1.37	http://pubmed.ncbi.nlm.nih.gov/36790033	Streptomyces turgidiscabies Car8	ELP66521.1	L7F656		12	H27	"xylan exo-b-1,4-xylosidase"			[bDXylp	"1,4"	bDXylp	"1,4"	bDXylp	H2O	exo	
Bacteria	β-xylosidase (TfBXyl43)(Xyl43A)	3.2.1.37	http://pubmed.ncbi.nlm.nih.gov/22893016	Thermobifida fusca TM51	AEF28829.1	F6LAX2		11	H27	"xylan exo-b-1,4-xylosidase"			[bDXylp	"1,4"	bDXylp	"1,4"	bDXylp	H2O	exo	
Bacteria	β-xylosidase (Tfu_1616)(Xyl43A)	3.2.1.37	http://pubmed.ncbi.nlm.nih.gov/22086489	Thermobifida fusca YX	AAZ55651.1	Q47PG8		11	H27	"xylan exo-b-1,4-xylosidase"			[bDXylp	"1,4"	bDXylp	"1,4"	bDXylp	H2O	exo	
Bacteria	β-xylosidase (Xyl43A; ThXyl43A)	3.2.1.37	http://pubmed.ncbi.nlm.nih.gov/30225545	Thermobifida halotolerans YIM 90462	AYD38350.1	A0A399G7U0		11	H27	"xylan exo-b-1,4-xylosidase"			[bDXylp	"1,4"	bDXylp	"1,4"	bDXylp	H2O	exo	
Bacteria	β-xylosidase / α-L-arabinofuranosidase 43A (CsAbf43A; XylA)(Abf43A)	3.2.1.37	"['http://pubmed.ncbi.nlm.nih.gov/7763495', 'http://pubmed.ncbi.nlm.nih.gov/7763495']"	Thermoclostridium stercorarium	BAA02527.1	P48790		35	H27	"xylan exo-b-1,4-xylosidase"			[bDXylp	"1,4"	bDXylp	"1,4"	bDXylp	H2O	exo	
Bacteria	β-xylosidase (Xyl43B)(Xyl43B)	3.2.1.37	http://pubmed.ncbi.nlm.nih.gov/15056894	Thermoclostridium stercorarium F-9	BAC87941.1	Q76EC8		10	H27	"xylan exo-b-1,4-xylosidase"			[bDXylp	"1,4"	bDXylp	"1,4"	bDXylp	H2O	exo	
Bacteria	β-xylosidase / α-L-arabinofuranosidase (CoXyl43)	3.2.1.37	"['http://pubmed.ncbi.nlm.nih.gov/25971196', 'http://pubmed.ncbi.nlm.nih.gov/25971196']"	uncultured bacterium	BAS02080.1	A0A0H5BL38	"['5GLK[A,B]', '5GLL[A,B]', '5GLM[A,B]', '5GLN[A,B]', '5GLO[A,B]', '5GLP[A,B]', '5GLQ[A,B]', '5GLR[A,B]']"	1	H27	"xylan exo-b-1,4-xylosidase"			[bDXylp	"1,4"	bDXylp	"1,4"	bDXylp	H2O	exo	
Bacteria	α-L-arabinofuranosidase / β-xylosidase (deAX)	3.2.1.37	"['http://pubmed.ncbi.nlm.nih.gov/18762936', 'http://pubmed.ncbi.nlm.nih.gov/18762936']"	uncultured bacterium	ACF39706.1	B8QP77		12	H27	"xylan exo-b-1,4-xylosidase"			[bDXylp	"1,4"	bDXylp	"1,4"	bDXylp	H2O	exo	
Bacteria	bimodular xylan nonreducing-end β-xylosidase + reducing-end β-xylosidase (MG43_2-8; Beaver_12_H03_13)	3.2.1.37	http://pubmed.ncbi.nlm.nih.gov/32948521	uncultured bacterium	QNO39517.1	A0A7G9XVI1		2	H27	"xylan exo-b-1,4-xylosidase"			[bDXylp	"1,4"	bDXylp	"1,4"	bDXylp	H2O	exo	
Bacteria	α-L-arabinofuranosidase / β-xylosidase (deAFc)	3.2.1.37	"['https://doi.org/10.1016/j.enzmictec.2006.06.007', 'https://doi.org/10.1016/j.enzmictec.2006.06.007']"	uncultured bacterium	ABB92159.1	A0S5D8		12	H27	"xylan exo-b-1,4-xylosidase"			[bDXylp	"1,4"	bDXylp	"1,4"	bDXylp	H2O	exo	
Bacteria	β-xylobiosidase / α-L-arabinofuranosidase (r_09-02)	3.2.1.37	"['http://pubmed.ncbi.nlm.nih.gov/22761666', 'http://pubmed.ncbi.nlm.nih.gov/22761666']"	uncultured bacterium r_09	AFN57709.1	I6YTF5		35	H27	"xylan exo-b-1,4-xylosidase"			[bDXylp	"1,4"	bDXylp	"1,4"	bDXylp	H2O	exo	
Bacteria	"β-1,4-xylosidase / α-L-arabinofuranoside (RuXyn1)"	3.2.1.37	"['http://pubmed.ncbi.nlm.nih.gov/21720773', 'http://pubmed.ncbi.nlm.nih.gov/21720773']"	uncultured rumen bacterium	ADO20354.1	E3TBJ3		1	H27	"xylan exo-b-1,4-xylosidase"			[bDXylp	"1,4"	bDXylp	"1,4"	bDXylp	H2O	exo	
Bacteria	β-xylosidase / α-L-arabinofuranosidase (RUM630-BX)	3.2.1.37	http://pubmed.ncbi.nlm.nih.gov/26672463	uncultured rumen bacterium	AFE48532.1	H9A0B4		1	H27	"xylan exo-b-1,4-xylosidase"			[bDXylp	"1,4"	bDXylp	"1,4"	bDXylp	H2O	exo	
Bacteria	β-xylosidase (Xyn43; WXyn43)	3.2.1.37	http://pubmed.ncbi.nlm.nih.gov/26494804	Weissella sp. 92	ALB06585.1	A0A0M4ALT9		11	H27	"xylan exo-b-1,4-xylosidase"			[bDXylp	"1,4"	bDXylp	"1,4"	bDXylp	H2O	exo	
Bacteria	"xylan 1,4-β-xylosidase (Xsa; XacGH43_1; XAC4258)(Xyn43F)"	3.2.1.37	http://pubmed.ncbi.nlm.nih.gov/33446650	Xanthomonas citri pv. citri str. 306	AAM39093.1	"['A0AAI7ZJ64', 'Q8PET2']"	"['6XN0[A,B]', '6XN1[A,B]', '6XN2[A,B]']"	1	H27	"xylan exo-b-1,4-xylosidase"			[bDXylp	"1,4"	bDXylp	"1,4"	bDXylp	H2O	exo	
Bacteria	"β-1,4-xylosidase 43A (ZgGH43A; XylB; zobellia_162)"	3.2.1.37	http://pubmed.ncbi.nlm.nih.gov/41242445	Zobellia galactanivorans DsijT	CAZ94235.1			1	H27	"xylan exo-b-1,4-xylosidase"			[bDXylp	"1,4"	bDXylp	"1,4"	bDXylp	H2O	exo	
Bacteria	α-L-arabinofuranosidase 43C (Abn43C; Clocl_2442)	3.2.1.55	http://pubmed.ncbi.nlm.nih.gov/36251023	Acetivibrio clariflavus DSM 19732	AEV69017.1	G8LZS7		35	H41	a-L-arabinofuranosidase			[aLAraf	"1,X"	alcohol			H2O		
Bacteria	α-L-arabinofuranosidase (AmAraf43; EFD62_12070)	3.2.1.55	http://pubmed.ncbi.nlm.nih.gov/34361903	Acetivibrio mesophilus N2K1	RXE58512.1	A0A4Q0I6D7		10	H41	a-L-arabinofuranosidase			[aLAraf	"1,X"	alcohol			H2O		
Bacteria	α-L-arabinofuranosidase (Ct43Araf; CtAbf43A; CtGh43; Cthe_1271)(Abf43A)	3.2.1.55	http://pubmed.ncbi.nlm.nih.gov/22383050	Acetivibrio thermocellus ATCC 27405	ABN52503.1	A3DEX4	"['5A8C[A]', '5A8D[A]']"	16	H41	a-L-arabinofuranosidase			[aLAraf	"1,X"	alcohol			H2O		
Bacteria	bifunctional β-xylosidase / α-L-arabinofuranosidase (AxB8; Cthe_2196)	3.2.1.55	"['http://pubmed.ncbi.nlm.nih.gov/29224629', 'http://pubmed.ncbi.nlm.nih.gov/29224629']"	Acetivibrio thermocellus ATCC 27405	ABN53398.1	A3DHG9		29	H41	a-L-arabinofuranosidase			[aLAraf	"1,X"	alcohol			H2O		
Bacteria	arabinoxylan α-arabinofuranosidase / AXH-m23 (XynD)(Arf43A=Axh43A)	3.2.1.55	http://pubmed.ncbi.nlm.nih.gov/22883553	Bacillus licheniformis SVD1	BAL45491.1	H1ACZ8		16	H41	a-L-arabinofuranosidase			[aLAraf	"1,X"	alcohol			H2O		
Bacteria	β-xylosidase / α-L-arabinofuranosidase (XYL)	3.2.1.55	"['http://pubmed.ncbi.nlm.nih.gov/31174809', 'http://pubmed.ncbi.nlm.nih.gov/31174809']"	Bacillus pumilus TCCC 11350	AYN44931.1	A0A3G2JTQ1		11	H41	a-L-arabinofuranosidase			[aLAraf	"1,X"	alcohol			H2O		
Bacteria	arabinoxylan arabinofuranohydrolase (AXH)(Axh43A)	3.2.1.55	http://pubmed.ncbi.nlm.nih.gov/26481625	Bacillus sp. BP-7	AKF02745.1	A0A0F6VYJ7		16	H41	a-L-arabinofuranosidase			[aLAraf	"1,X"	alcohol			H2O		
Bacteria	"arabinoxylan α-L-1,3-arabinofuranohydrolase (XynD;BsAXH-m23;BSU18160)"	3.2.1.55	http://pubmed.ncbi.nlm.nih.gov/17426966	Bacillus subtilis subsp. subtilis str. 168	CAB13699.1	"['A0A6M4JGV3', 'Q45071', 'Q798P3']"	"['3C7E[A]', '3C7F[A]', '3C7G[A]', '3C7H[A]', '3C7O[A]']"	16	H41	a-L-arabinofuranosidase			[aLAraf	"1,X"	alcohol			H2O		
Bacteria	α-L-arabinofuranosidase (CapGH43_12)	3.2.1.55	http://pubmed.ncbi.nlm.nih.gov/35110564	Bacteroidales bacterium	UMW87593.1		"7JVH[A,B,C,D,E,F]"	12	H41	a-L-arabinofuranosidase			[aLAraf	"1,X"	alcohol			H2O		
Bacteria	α-L-arabinofuranosidase (BcellWH2_04906; BACWH2_4625)	3.2.1.55	http://pubmed.ncbi.nlm.nih.gov/30850540	Bacteroides cellulosilyticus WH2	ALJ62115.1	"['A0A0N7IG62', 'A0A139L9H8']"		18	H41	a-L-arabinofuranosidase			[aLAraf	"1,X"	alcohol			H2O		
Bacteria	α-L-arabinofuranosidase (weak activity) (BcellWH2_03560; BACWH2_3333)	3.2.1.55	http://pubmed.ncbi.nlm.nih.gov/30850540	Bacteroides cellulosilyticus WH2	ALJ60783.1	A0A0P0GRY3		18	H41	a-L-arabinofuranosidase			[aLAraf	"1,X"	alcohol			H2O		
Bacteria	α-L-arabinofuranosidase (BeGH43/FAE; BeGH43/Hyp; HMPREF1016_02163)	3.2.1.55	http://pubmed.ncbi.nlm.nih.gov/33469030	Bacteroides eggerthii 1_2_48FAA	WP_050793236.1	"['A0A414MIU2', 'E5WZQ7']"	"6MLY[A,B,C,D]"	10	H41	a-L-arabinofuranosidase			[aLAraf	"1,X"	alcohol			H2O		
Bacteria	"bifunctional endo-β-1,4-xylanase / α-L-arabinofuranosidase (BiXyn10B/BiAra43A;BACINT_04202)(Xyn10B/Ara43A)"	3.2.1.55	http://pubmed.ncbi.nlm.nih.gov/27681607	Bacteroides intestinalis DSM 17393	EDV05059.1	B3CES1		12	H41	a-L-arabinofuranosidase			[aLAraf	"1,X"	alcohol			H2O		
Bacteria	α-L-arabinofuranosidase (Bi1043; BACINT_01043)	3.2.1.55	http://pubmed.ncbi.nlm.nih.gov/33469030	Bacteroides intestinalis DSM 17393	ZP_03013484.1			2	H41	a-L-arabinofuranosidase			[aLAraf	"1,X"	alcohol			H2O		
Bacteria	α-L-arabinofuranosidase (BACINT_02766)	3.2.1.55	http://pubmed.ncbi.nlm.nih.gov/39443715	Bacteroides intestinalis DSM 17393	EDV03640.1			29	H41	a-L-arabinofuranosidase			[aLAraf	"1,X"	alcohol			H2O		
Bacteria	α-L-arabinofuranosidase 43B (BoAbf43B; BACOVA_03421; Bovatus_03717)(Abf43B)	3.2.1.55	http://pubmed.ncbi.nlm.nih.gov/26112186	Bacteroides ovatus ATCC 8483	ALJ48322.1	"['A0AAN3D8P6', 'A7LZZ4']"		12	H41	a-L-arabinofuranosidase			[aLAraf	"1,X"	alcohol			H2O		
Bacteria	α-L-arabinofuranosidase 43D (BoAbf43D; BACOVA_03425; Bovatus_03721)(Abf43D)	3.2.1.55	http://pubmed.ncbi.nlm.nih.gov/26112186	Bacteroides ovatus ATCC 8483	ALJ48326.1	"['A0AAN3D795', 'A7LZZ8']"		12	H41	a-L-arabinofuranosidase			[aLAraf	"1,X"	alcohol			H2O		
Bacteria	double substituted xylan/arabinan α-L-arabinofuranosidase (Xynd_6; BoAbf43C; Bovatus_03720)(Abf43C)	3.2.1.55	https://doi.org/10.3390/catal14080536	Bacteroides ovatus ATCC 8483	ALJ48325.1			29	H41	a-L-arabinofuranosidase			[aLAraf	"1,X"	alcohol			H2O		
Bacteria	"double substituted xylan α-1,3-L-arabinofuranosidase 43A (Xynb_6; BoAbf43A; Bovatus_03715; BACOVA_03417)(Abf43A)"	3.2.1.55	http://pubmed.ncbi.nlm.nih.gov/26430127	Bacteroides ovatus ATCC 8483	ALJ48320.1	"['A0AAN3A670', 'A7LZZ1']"		10	H41	a-L-arabinofuranosidase			[aLAraf	"1,X"	alcohol			H2O		
Bacteria	"bifunctional xyloglucan α-1,2-L-arabinofuranoside and β-1,2-xylosidase 43A (Xynb_4; BoGH43A; BACOVA_02654; Bovatus_03073)"	3.2.1.55	http://pubmed.ncbi.nlm.nih.gov/27466444	Bacteroides ovatus ATCC 8483	ALJ47681.1	A7LXT8	"['5JOW[A,B]', '5JOX[A,B]', '5JOY[A,B]']"	12	H41	a-L-arabinofuranosidase			[aLAraf	"1,X"	alcohol			H2O		
Bacteria	α-L-arabinofuranosidase (Xynd_7; BoAbf43E; Bovatus_03732) (weak activity)(Abf43E)	3.2.1.55	https://doi.org/10.3390/catal14080536	Bacteroides ovatus ATCC 8483	ALJ48337.1			29	H41	a-L-arabinofuranosidase			[aLAraf	"1,X"	alcohol			H2O		
Bacteria	α-L-arabinofuranoside (Xynb_5;BoGH43B;BACOVA_02656;Bovatus_03074)	3.2.1.55	http://pubmed.ncbi.nlm.nih.gov/27466444	Bacteroides ovatus ATCC 8483	ALJ47682.1	A7LXU0	"5JOZ[A,B]"	12	H41	a-L-arabinofuranosidase			[aLAraf	"1,X"	alcohol			H2O		
Bacteria	β-xylosidase / α-L-arabinofuranosidase (BoXA; Xsa; XSA)	3.2.1.55	"['http://pubmed.ncbi.nlm.nih.gov/7766665', 'http://pubmed.ncbi.nlm.nih.gov/7766665']"	Bacteroides ovatus V975	AAB08024.1	"['B2KZK6', 'P49943']"		1	H41	a-L-arabinofuranosidase			[aLAraf	"1,X"	alcohol			H2O		
Bacteria	β-xylosidase / α-L-arabinofuranosidase (N1089)	3.2.1.55	"['http://pubmed.ncbi.nlm.nih.gov/33260318', 'http://pubmed.ncbi.nlm.nih.gov/33260318']"	Bacteroides thetaiotaomicron CMU13	CUN22903.1	A0AB33TNS3		2	H41	a-L-arabinofuranosidase			[aLAraf	"1,X"	alcohol			H2O		
Bacteria	α-L-arabinofuranosidase (BT3675; BT_3675)	3.2.1.55	http://pubmed.ncbi.nlm.nih.gov/30349080	Bacteroides thetaiotaomicron VPI-5482	AAO78780.1	Q8A1I6	"3QZ4[A,B]"	34	H41	a-L-arabinofuranosidase			[aLAraf	"1,X"	alcohol			H2O		
Bacteria	α-L-arabinofuranosidase 43B (BtAbf43B; Bt3655; BT_3655) (single substitution specific)(Abf43B )	3.2.1.55	http://pubmed.ncbi.nlm.nih.gov/21339299	Bacteroides thetaiotaomicron VPI-5482	AAO78760.1	Q8A1K6		19	H41	a-L-arabinofuranosidase			[aLAraf	"1,X"	alcohol			H2O		
Bacteria	"[RG-II] α-L-arabinofuranosidase 43E (cleaves L-Araf-α-1,3-D-GalpA) (BtAbf43E; BT1021; BT_1021)(Abf43E)"	3.2.1.55	http://pubmed.ncbi.nlm.nih.gov/28329766	Bacteroides thetaiotaomicron VPI-5482	AAO76128.1	Q8A8Z6		18	H41	a-L-arabinofuranosidase			[aLAraf	"1,X"	alcohol			H2O		
Bacteria	α-L-arabinofuranosidase 43A (BtAbf43A; Bt2852; BT_2852) (single substitution specific)(Abf43A)	3.2.1.55	http://pubmed.ncbi.nlm.nih.gov/21339299	Bacteroides thetaiotaomicron VPI-5482	AAO77958.1	Q8A3V2		10	H41	a-L-arabinofuranosidase			[aLAraf	"1,X"	alcohol			H2O		
Bacteria	"α-1,2-L-arabinofuranosidase 43D (BtAbf43D; BT0369; BT_0369)(Abf43D)"	3.2.1.55	"['http://pubmed.ncbi.nlm.nih.gov/29255254', 'http://pubmed.ncbi.nlm.nih.gov/21339299']"	Bacteroides thetaiotaomicron VPI-5482	AAO75476.1	Q8AAU5		29	H41	a-L-arabinofuranosidase			[aLAraf	"1,X"	alcohol			H2O		
Bacteria	"[grape RGII] α-L-arabinofuranosidase 43F (cleaves L-Araf-α-1,3-D-GalA) (BtAbf43F; BT3662; BT_3662)(Abf43F)"	3.2.1.55	http://pubmed.ncbi.nlm.nih.gov/28329766	Bacteroides thetaiotaomicron VPI-5482	AAO78767.1	Q8A1J9	"5MSX[A,B,C]"	34	H41	a-L-arabinofuranosidase			[aLAraf	"1,X"	alcohol			H2O		
Bacteria	α-L-arabinofuranosidase 43C (BtAbf43C; Bt3094; BT_3094)(Abf43C)	3.2.1.55	http://pubmed.ncbi.nlm.nih.gov/21339299	Bacteroides thetaiotaomicron VPI-5482	AAO78200.1	Q8A361			H41	a-L-arabinofuranosidase			[aLAraf	"1,X"	alcohol			H2O		
Bacteria	"[arabinoxylan] arabinosyl-2,3-disubstituted xyloside-specific α-1,3-L-arabinofuranosidase d3 (AXHd3; AXH-d3; BaAXH-d3; BiAFase-d3; E-AFAM2; BAD_0301)"	3.2.1.55	http://pubmed.ncbi.nlm.nih.gov/9114514	Bifidobacterium adolescentis ATCC 15703	AAO67499.1	"['A1A049', 'Q5JB56']"		10	H41	a-L-arabinofuranosidase			[aLAraf	"1,X"	alcohol			H2O		
Bacteria	"[arabinoxylan] mono-substituted α-1,2/1,3-L-arabinofuranosidase 43A / β-1,3-xylosidase (AXH-m; AXHm23; AbfA; BaAbf43A; BAD_0423; BAD0423)(Abf43A)"	3.2.1.55	"['http://pubmed.ncbi.nlm.nih.gov/20971079', 'http://pubmed.ncbi.nlm.nih.gov/32245121']"	Bifidobacterium adolescentis ATCC 15703	BAF39204.1	A1A0H1		12	H41	a-L-arabinofuranosidase			[aLAraf	"1,X"	alcohol			H2O		
Bacteria	α-L-arabinofuranosidase / exo-β-xylosidase  (AXH-m; BaXyl43A; BAD_1527; BAD1527)(Xyl43A)	3.2.1.55	"['http://pubmed.ncbi.nlm.nih.gov/23099913', 'http://pubmed.ncbi.nlm.nih.gov/39033088', 'http://pubmed.ncbi.nlm.nih.gov/39033088']"	Bifidobacterium adolescentis ATCC 15703	BAF40308.1	A1A3M5		22	H41	a-L-arabinofuranosidase			[aLAraf	"1,X"	alcohol			H2O		
Bacteria	α-L-arabinofuranosidase 3 (BfdABF3; HMPREF0168_1372)	3.2.1.55	http://pubmed.ncbi.nlm.nih.gov/34949752	Bifidobacterium dentium ATCC 27679	EFM41056.1	E0Q8B4		12	H41	a-L-arabinofuranosidase			[aLAraf	"1,X"	alcohol			H2O		
Bacteria	[arabinoxylan] α-L-arabinofuranosidase (AxuA; B8809_1600)	3.2.1.55	http://pubmed.ncbi.nlm.nih.gov/38752423	Bifidobacterium longum subsp. longum NCIMB8809	ALO73270.1			16	H41	a-L-arabinofuranosidase			[aLAraf	"1,X"	alcohol			H2O		
Bacteria	"[arabinoxylan] arabinosyl-2,3-disubstituted xyloside-specific α-1,3-L-arabinofuranosidase 43A (BpAbf43A; BBPC_0319; BBPC_RS01610)(Abf43A)"	3.2.1.55	http://pubmed.ncbi.nlm.nih.gov/33036985	Bifidobacterium pseudocatenulatum DSM 20438 = JCM 1200 = LMG 10505	WP_004220041.1	C0BQK1		10	H41	a-L-arabinofuranosidase			[aLAraf	"1,X"	alcohol			H2O		
Bacteria	α-L-arabinofuranosidase 43B (BpAbf43B; BBPC_0467; BBPC_RS02375)	3.2.1.55	http://pubmed.ncbi.nlm.nih.gov/33036985	Bifidobacterium pseudocatenulatum DSM 20438 = JCM 1200 = LMG 10505	BAR03145.1			12	H41	a-L-arabinofuranosidase			[aLAraf	"1,X"	alcohol			H2O		
Bacteria	α-L-arabinofuranosidase / β-xylosidase (XylB)	3.2.1.55	"['http://pubmed.ncbi.nlm.nih.gov/1905520', 'http://pubmed.ncbi.nlm.nih.gov/1905520']"	Butyrivibrio fibrisolvens GS 113	AAA63610.1	P45982		12	H41	a-L-arabinofuranosidase			[aLAraf	"1,X"	alcohol			H2O		
Bacteria	α-L-arabinofuranosidase (Xsa43E;bpr_I2319)	3.2.1.55	"['http://pubmed.ncbi.nlm.nih.gov/25195890', 'http://pubmed.ncbi.nlm.nih.gov/25195890']"	Butyrivibrio proteoclasticus B316	ADL35052.1	E0RYY0	4NOV[A]	29	H41	a-L-arabinofuranosidase			[aLAraf	"1,X"	alcohol			H2O		
Bacteria	α-L-arabinofuranosidase (Calow_2099)	3.2.1.55	http://pubmed.ncbi.nlm.nih.gov/30850540	Caldicellulosiruptor owensensis OL	ADQ05609.1	E4Q6K2		17	H41	a-L-arabinofuranosidase			[aLAraf	"1,X"	alcohol			H2O		
Bacteria	bifunctional β-xylosidase / α-L-arabinofuranosidase (CAX43; Csac_0359)	3.2.1.55	"['http://pubmed.ncbi.nlm.nih.gov/35223784', 'http://pubmed.ncbi.nlm.nih.gov/35223784']"	Caldicellulosiruptor saccharolyticus DSM 8903	ABP66000.1	A4XGG5		10	H41	a-L-arabinofuranosidase			[aLAraf	"1,X"	alcohol			H2O		
Bacteria	bifunctional α-L-arabinofuranosidase (XynF; Csac_2411)	3.2.1.55	"['http://pubmed.ncbi.nlm.nih.gov/21337327', 'http://pubmed.ncbi.nlm.nih.gov/21337327']"	Caldicellulosiruptor saccharolyticus DSM 8903	ABP67988.1	A4XM53		16	H41	a-L-arabinofuranosidase			[aLAraf	"1,X"	alcohol			H2O		
Bacteria	bifunctional α-L-arabinofuranosidase (XynF; Csac_2411)	3.2.1.55	"['http://pubmed.ncbi.nlm.nih.gov/21337327', 'http://pubmed.ncbi.nlm.nih.gov/21337327']"	Caldicellulosiruptor saccharolyticus DSM 8903	ABP67988.1	A4XM53		10	H41	a-L-arabinofuranosidase			[aLAraf	"1,X"	alcohol			H2O		
Bacteria	"bifunctional β-1,4-xylanase / α-L-arabinosidase (XynA)"	3.2.1.55	http://pubmed.ncbi.nlm.nih.gov/10706665	Caldicellulosiruptor sp. Tok7B.1	AAD30363.1	Q9X3P5		16	H41	a-L-arabinofuranosidase			[aLAraf	"1,X"	alcohol			H2O		
Bacteria	bifunctional β-xylosidase I / α-L-arabinofuranosidase (XynB1;CCNA_01040)	3.2.1.55	"['http://pubmed.ncbi.nlm.nih.gov/22806729', 'http://pubmed.ncbi.nlm.nih.gov/22806729']"	Caulobacter vibrioides NA1000	ACL94505.1	"['A0A0H3C5C2', 'B8H2V1']"		11	H41	a-L-arabinofuranosidase			[aLAraf	"1,X"	alcohol			H2O		
Bacteria	α-L-arabinofuranosidase (Cpin_4501)	3.2.1.55	http://pubmed.ncbi.nlm.nih.gov/30850540	Chitinophaga pinensis DSM 2588	ACU61943.1	"['A0A979G792', 'C7PJ75']"		2	H41	a-L-arabinofuranosidase			[aLAraf	"1,X"	alcohol			H2O		
Bacteria	arabinoxylan α-L-arabinofuranosidase (Axh1; Fisuc_1769; FSU_2269)	3.2.1.55	http://pubmed.ncbi.nlm.nih.gov/20709893	Fibrobacter succinogenes subsp. succinogenes S85	ACX75362.1	C9RS26		10	H41	a-L-arabinofuranosidase			[aLAraf	"1,X"	alcohol			H2O		
Bacteria	[arabinoxylan] α-L-arabinofuranosidase (FII3_GH43_12)	3.2.1.55	http://pubmed.ncbi.nlm.nih.gov/37121608	Flavimarina sp. Hel_I_48	WP_051907767.1			12	H41	a-L-arabinofuranosidase			[aLAraf	"1,X"	alcohol			H2O		
Bacteria	β-xylosidase (Xyl; GTXyl; GbtXyl43A)(Xyl43A)	3.2.1.55	"['http://pubmed.ncbi.nlm.nih.gov/18815904', 'http://pubmed.ncbi.nlm.nih.gov/18007043']"	Geobacillus thermoleovorans IT-08	ABC75004.1	Q2I2N4	"['5Z5D[A]', '5Z5F[A]', '5Z5H[A]', '5Z5I[A]']"	12	H41	a-L-arabinofuranosidase			[aLAraf	"1,X"	alcohol			H2O		
Bacteria	α-L-arabinofuranosidase (HoAraf43;Hore_20580)	3.2.1.55	http://pubmed.ncbi.nlm.nih.gov/25760712	Halothermothrix orenii H 168	ACL70803.1	B8CZV1	"4QQS[A,B]"	33	H41	a-L-arabinofuranosidase			[aLAraf	"1,X"	alcohol			H2O		
Bacteria	"α-L-arabinofuranosidase / xylan 1,4-β-xylosidase (ArfC; HHT355_2105)"	3.2.1.55	http://pubmed.ncbi.nlm.nih.gov/28450260	Herbinix hemicellulosilytica	CRZ35303.1	A0A0H5SY45		12	H41	a-L-arabinofuranosidase			[aLAraf	"1,X"	alcohol			H2O		
Bacteria	α-L-arabinofuranoside (weak activity) (A3224_13575)	3.2.1.55	http://pubmed.ncbi.nlm.nih.gov/30850540	Microbulbifer thermotolerans DAU221	AMX03466.1	A0A143HPP2		9	H41	a-L-arabinofuranosidase			[aLAraf	"1,X"	alcohol			H2O		
Bacteria	α-L-arabinofuranosidase (GA0070618_4635)	3.2.1.55	http://pubmed.ncbi.nlm.nih.gov/30850540	Micromonospora echinospora DSM 43816	SCF26596.1	A0A1C4Z108		20	H41	a-L-arabinofuranosidase			[aLAraf	"1,X"	alcohol			H2O		
Bacteria	α-L-arabinofuranosidase (SAMN05216490_0716)	3.2.1.55	http://pubmed.ncbi.nlm.nih.gov/30850540	Mucilaginibacter mallensis MP1X4	SDS19757.1	A0A1H1Q8Z9		2	H41	a-L-arabinofuranosidase			[aLAraf	"1,X"	alcohol			H2O		
Bacteria	α-L-arabinofuranoside (weak activity) (B160DRAFT_01699)	3.2.1.55	http://pubmed.ncbi.nlm.nih.gov/30850540	Niabella aurantiaca	WP_018628786.1			18	H41	a-L-arabinofuranosidase			[aLAraf	"1,X"	alcohol			H2O		
Bacteria	α-L-arabinofuranoside (weak activity) (OPIT5_12740)	3.2.1.55	http://pubmed.ncbi.nlm.nih.gov/30850540	Opitutaceae bacterium TAV5	AHF90946.1	W0J2F7		18	H41	a-L-arabinofuranosidase			[aLAraf	"1,X"	alcohol			H2O		
Bacteria	multifunctional exo-β-xylosidase / α-L-arabinofuranosidase  (GH43B6)	3.2.1.55	"['https://doi.org/10.15376/biores.10.2.2492-2505', 'https://doi.org/10.15376/biores.10.2.2492-2505']"	Paenibacillus curdlanolyticus B-6	AIU98619.1	A0A0A0R2Z1		1	H41	a-L-arabinofuranosidase			[aLAraf	"1,X"	alcohol			H2O		
Bacteria	multifunctional α-L-arabinofuranosidase / endoxylanase / β-xylosidase (Axy43A; PcAxy43A; Xyl43AB6)	3.2.1.55	"['http://pubmed.ncbi.nlm.nih.gov/27663030', 'http://pubmed.ncbi.nlm.nih.gov/27663030', 'http://pubmed.ncbi.nlm.nih.gov/27663030']"	Paenibacillus curdlanolyticus B-6	AIW81427.1	A0A0A0WCE4		35	H41	a-L-arabinofuranosidase			[aLAraf	"1,X"	alcohol			H2O		
Bacteria	multifunctional α-L-arabinofuranosidase / endoxylanase / β-xylosidase (PcAxy43B)	3.2.1.55	"['http://pubmed.ncbi.nlm.nih.gov/34613758', 'http://pubmed.ncbi.nlm.nih.gov/34613758', 'http://pubmed.ncbi.nlm.nih.gov/34613758']"	Paenibacillus curdlanolyticus B-6	AIY28330.1	A0A0A1ED93		16	H41	a-L-arabinofuranosidase			[aLAraf	"1,X"	alcohol			H2O		
Bacteria	β-xylosidase 43B (PpXyl43B; Pph_2344; CM10010917_34190)(Xyl43B)	3.2.1.55	"['http://pubmed.ncbi.nlm.nih.gov/34687975', 'http://pubmed.ncbi.nlm.nih.gov/34687975']"	Paenibacillus physcomitrellae CGMCC 1.15044	GGA46072.1	A0ABQ1GLB2		11	H41	a-L-arabinofuranosidase			[aLAraf	"1,X"	alcohol			H2O		
Bacteria	α-L-arabinofuranosidase 43A (XynD)(Xyn43A)	3.2.1.55	http://pubmed.ncbi.nlm.nih.gov/8579824	Paenibacillus polymyxa ATCC 842	CAA40378.1	P45796		16	H41	a-L-arabinofuranosidase			[aLAraf	"1,X"	alcohol			H2O		
Bacteria	α-L-arabinofuranosidase(Abf43A)	3.2.1.55	http://pubmed.ncbi.nlm.nih.gov/23335774	Paenibacillus sp. E18	ACY69973.1	D6BQP5		10	H41	a-L-arabinofuranosidase			[aLAraf	"1,X"	alcohol			H2O		
Bacteria	α-L-arabinofuranosidase(Abf43B)	3.2.1.55	http://pubmed.ncbi.nlm.nih.gov/23335774	Paenibacillus sp. E18	AFC38437.1	J9PXM5		27	H41	a-L-arabinofuranosidase			[aLAraf	"1,X"	alcohol			H2O		
Bacteria	β-xylosidase /α-L-arabinofuranosidase (XylC)	3.2.1.55	"['http://pubmed.ncbi.nlm.nih.gov/21193828', 'http://pubmed.ncbi.nlm.nih.gov/21193828']"	Paenibacillus woosongensis	ADV16404.1	E7DXB6		35	H41	a-L-arabinofuranosidase			[aLAraf	"1,X"	alcohol			H2O		
Bacteria	α-L-arabinofuranosidase (RiAbf43A;ROSINTL182_08193)(Abf43A)	3.2.1.55	http://pubmed.ncbi.nlm.nih.gov/29610517	Roseburia intestinalis L1-82	EEU99940.1	C7GE41		12	H41	a-L-arabinofuranosidase			[aLAraf	"1,X"	alcohol			H2O		
Bacteria	α-L-arabinofuranosidase (Ccel_1229)	3.2.1.55	http://pubmed.ncbi.nlm.nih.gov/31198441	Ruminiclostridium cellulolyticum H10	ACL75585.1	B8I0L0		16	H41	a-L-arabinofuranosidase			[aLAraf	"1,X"	alcohol			H2O		
Bacteria	α-L-arabinofuranosidase (Ccel_1233)	3.2.1.55	http://pubmed.ncbi.nlm.nih.gov/31198441	Ruminiclostridium cellulolyticum H10	ACL75589.1	B8I0L4		10	H41	a-L-arabinofuranosidase			[aLAraf	"1,X"	alcohol			H2O		
Bacteria	α-L-arabinofuranosidase (XuaE; Ccel_1257)	3.2.1.55	http://pubmed.ncbi.nlm.nih.gov/36403068	Ruminiclostridium cellulolyticum H10	ACL75613.1	B8I0N8		10	H41	a-L-arabinofuranosidase			[aLAraf	"1,X"	alcohol			H2O		
Bacteria	bifunctional β-xylosidase / α-L-arabinofuranosidase (Ccel_1235)	3.2.1.55	"['http://pubmed.ncbi.nlm.nih.gov/31198441', 'http://pubmed.ncbi.nlm.nih.gov/31198441']"	Ruminiclostridium cellulolyticum H10	ACL75591.1	B8I0L6		29	H41	a-L-arabinofuranosidase			[aLAraf	"1,X"	alcohol			H2O		
Bacteria	"double substituted arabinoxylan α-1,3-L-specific arabinofuranohydrolase (RjAxh43B)(Axh43B)"	3.2.1.55	http://pubmed.ncbi.nlm.nih.gov/28648178	Ruminiclostridium josui JCM 17888	BAW98157.1	A0A1Q2U2H0		10	H41	a-L-arabinofuranosidase			[aLAraf	"1,X"	alcohol			H2O		
Bacteria	multimodular arabinanase Abf43A-Abf43B-Abf43C(Abn43A)	3.2.1.55	http://pubmed.ncbi.nlm.nih.gov/30797476	Ruminiclostridium josui JCM 17888	BBA94052.1	A0A2Z5U6M1		34	H41	a-L-arabinofuranosidase			[aLAraf	"1,X"	alcohol			H2O		
Bacteria	α-L-arabinofuranosidase 43B (RcAbf43B; GH43B; RUM_14020)(Abf43B)	3.2.1.55	http://pubmed.ncbi.nlm.nih.gov/26347002	Ruminococcus champanellensis 18P13 = JCM 17042	CBL17514.1	D4LD19		16	H41	a-L-arabinofuranosidase			[aLAraf	"1,X"	alcohol			H2O		
Bacteria	bifunctional xylanase α-L-arabinofuranosidase (RcXyn10B-Abf43E; GH10B; GH43E; RUM_15940)(Xyn10B-Abf43E)	3.2.1.55	http://pubmed.ncbi.nlm.nih.gov/26347002	Ruminococcus champanellensis 18P13 = JCM 17042	CBL17682.1	D4LDI7		16	H41	a-L-arabinofuranosidase			[aLAraf	"1,X"	alcohol			H2O		
Bacteria	arabinoxylan arabinofuranohydrolase (ORF2351)(Ara43A)	3.2.1.55	http://pubmed.ncbi.nlm.nih.gov/20622018	Segatella baroniae B14	ADI70680.1	D7SFH6		12	H41	a-L-arabinofuranosidase			[aLAraf	"1,X"	alcohol			H2O		
Bacteria	α-L-arabinofuranosidase (PREVCOP_02123; PREVCOP_06096)	3.2.1.55	http://pubmed.ncbi.nlm.nih.gov/34142143	Segatella copri DSM 18205	EFB34377.1	D1PFT8		12	H41	a-L-arabinofuranosidase			[aLAraf	"1,X"	alcohol			H2O		
Bacteria	β-xylosidase / α-L-arabinofuranosidase (Xsa; Sxa; SXA; SrXyl43; E-BXSR)	3.2.1.55	"['http://pubmed.ncbi.nlm.nih.gov/11683366', 'http://pubmed.ncbi.nlm.nih.gov/11683366']"	Selenomonas ruminantium GA192	AAB97967.1	O52575	"3C2U[A,B,C,D]"	11	H41	a-L-arabinofuranosidase			[aLAraf	"1,X"	alcohol			H2O		
Bacteria	α-L-arabinofuranosidase (weak activity) (STAUR_1358)	3.2.1.55	http://pubmed.ncbi.nlm.nih.gov/30850540	Stigmatella aurantiaca DW4/3-1	ADO69162.1	Q09B80		23	H41	a-L-arabinofuranosidase			[aLAraf	"1,X"	alcohol			H2O		
Bacteria	α-L-arabinofuranosidase (SCAB_44321)	3.2.1.55	http://pubmed.ncbi.nlm.nih.gov/30850540	Streptomyces scabiei 87.22	CBG71495.1	C9Z7A1		20	H41	a-L-arabinofuranosidase			[aLAraf	"1,X"	alcohol			H2O		
Bacteria	β-xylosidase / α-L-arabinofuranosidase 43A (CsAbf43A; XylA)(Abf43A)	3.2.1.55	"['http://pubmed.ncbi.nlm.nih.gov/7763495', 'http://pubmed.ncbi.nlm.nih.gov/7763495']"	Thermoclostridium stercorarium	BAA02527.1	P48790		35	H41	a-L-arabinofuranosidase			[aLAraf	"1,X"	alcohol			H2O		
Bacteria	β-xylosidase / α-L-arabinofuranosidase (CoXyl43)	3.2.1.55	"['http://pubmed.ncbi.nlm.nih.gov/25971196', 'http://pubmed.ncbi.nlm.nih.gov/25971196']"	uncultured bacterium	BAS02080.1	A0A0H5BL38	"['5GLK[A,B]', '5GLL[A,B]', '5GLM[A,B]', '5GLN[A,B]', '5GLO[A,B]', '5GLP[A,B]', '5GLQ[A,B]', '5GLR[A,B]']"	1	H41	a-L-arabinofuranosidase			[aLAraf	"1,X"	alcohol			H2O		
Bacteria	α-L-arabinofuranosidase / β-xylosidase (deAX)	3.2.1.55	"['http://pubmed.ncbi.nlm.nih.gov/18762936', 'http://pubmed.ncbi.nlm.nih.gov/18762936']"	uncultured bacterium	ACF39706.1	B8QP77		12	H41	a-L-arabinofuranosidase			[aLAraf	"1,X"	alcohol			H2O		
Bacteria	α-L-arabinofuranosidase (AGphAbf43)	3.2.1.55	http://pubmed.ncbi.nlm.nih.gov/30267127	uncultured bacterium	AYF53161.1	A0A386YIS1		18	H41	a-L-arabinofuranosidase			[aLAraf	"1,X"	alcohol			H2O		
Bacteria	α-L-arabinofuranosidase / β-xylosidase (deAFc)	3.2.1.55	"['https://doi.org/10.1016/j.enzmictec.2006.06.007', 'https://doi.org/10.1016/j.enzmictec.2006.06.007']"	uncultured bacterium	ABB92159.1	A0S5D8		12	H41	a-L-arabinofuranosidase			[aLAraf	"1,X"	alcohol			H2O		
Bacteria	α-L-arabinofuranosidase (r_03-05)	3.2.1.55	http://pubmed.ncbi.nlm.nih.gov/22761666	uncultured bacterium r_03	AFN57689.1	I6YTE2		10	H41	a-L-arabinofuranosidase			[aLAraf	"1,X"	alcohol			H2O		
Bacteria	β-xylobiosidase / α-L-arabinofuranosidase (r_09-02)	3.2.1.55	"['http://pubmed.ncbi.nlm.nih.gov/22761666', 'http://pubmed.ncbi.nlm.nih.gov/22761666']"	uncultured bacterium r_09	AFN57709.1	I6YTF5		35	H41	a-L-arabinofuranosidase			[aLAraf	"1,X"	alcohol			H2O		
Bacteria	"β-1,4-xylosidase / α-L-arabinofuranoside (RuXyn1)"	3.2.1.55	"['http://pubmed.ncbi.nlm.nih.gov/21720773', 'http://pubmed.ncbi.nlm.nih.gov/21720773']"	uncultured rumen bacterium	ADO20354.1	E3TBJ3		1	H41	a-L-arabinofuranosidase			[aLAraf	"1,X"	alcohol			H2O		
Bacteria	α-L-arabinofuranosidase (XacAbf43A; XAC4183)	3.2.1.55	https://doi.org/10.1038/s41467-021-24277-4	Xanthomonas citri pv. citri str. 306	AAM39018.1	"['A0A0U5FL10', 'A0A7S6YWV5', 'A0A9X6BLL1', 'A0AAI7ZJ19', 'A0AB73MUE0', 'M4TZZ1', 'Q8PF05']"		9	H41	a-L-arabinofuranosidase			[aLAraf	"1,X"	alcohol			H2O		
Bacteria	"[arabinoxylan] mono-substituted α-1,2/1,3-L-arabinofuranosidase 43A / β-1,3-xylosidase (AXH-m; AXHm23; AbfA; BaAbf43A; BAD_0423; BAD0423)(Abf43A)"	3.2.1.72	"['http://pubmed.ncbi.nlm.nih.gov/20971079', 'http://pubmed.ncbi.nlm.nih.gov/32245121']"	Bifidobacterium adolescentis ATCC 15703	BAF39204.1	A1A0H1		12	H54	"xylan exo-b-1,3-xylosidase"			[bDXylp	"1,3"	bDXylp	"1,3"	bDXylp	H2O		
Bacteria	"β-1,3-xylosidase 43B (JOP69_09845)(Xyl43B)"	3.2.1.72	http://pubmed.ncbi.nlm.nih.gov/38169280	Polaribacter sp. Q13	QVY64080.1			12	H54	"xylan exo-b-1,3-xylosidase"			[bDXylp	"1,3"	bDXylp	"1,3"	bDXylp	H2O		
Bacteria	"β-1,3-xylosidase (SWU43A)"	3.2.1.72	http://pubmed.ncbi.nlm.nih.gov/29499784	Streptomyces sp. SWU10	BBA57882.1	A0A292GDW2		12	H54	"xylan exo-b-1,3-xylosidase"			[bDXylp	"1,3"	bDXylp	"1,3"	bDXylp	H2O		
Bacteria	"β-1,3-xylosidase (XloA)"	3.2.1.72	http://pubmed.ncbi.nlm.nih.gov/17993567	Vibrio sp. XY-214	BAF98235.1	A9ZND1		11	H54	"xylan exo-b-1,3-xylosidase"			[bDXylp	"1,3"	bDXylp	"1,3"	bDXylp	H2O		
Bacteria	"endo-β-1,4-xylanase (Bi1041; BACINT_01041)"	3.2.1.8	http://pubmed.ncbi.nlm.nih.gov/33469030	Bacteroides intestinalis DSM 17393	ZP_03013482.1			17	H7	"xylan endo-b-1,4-xylosidase"	bDXylp	"1,4"	bDXylp	"1,4"	bDXylp	"1,4"	bDXylp	H2O		
Bacteria	"endo-β-1,4-xylanase (Bi1035; BACINT_01035)"	3.2.1.8	http://pubmed.ncbi.nlm.nih.gov/33469030	Bacteroides intestinalis DSM 17393	ZP_03013476.1			7	H7	"xylan endo-b-1,4-xylosidase"	bDXylp	"1,4"	bDXylp	"1,4"	bDXylp	"1,4"	bDXylp	H2O		
Bacteria	multimodular xylanase	3.2.1.8	http://pubmed.ncbi.nlm.nih.gov/20841432	Bifidobacterium longum subsp. longum AH1206	AOP01895.1	D9ZDQ7		16	H7	"xylan endo-b-1,4-xylosidase"	bDXylp	"1,4"	bDXylp	"1,4"	bDXylp	"1,4"	bDXylp	H2O		
Bacteria	"endo-β-1,4-xylanase (CGSCsYakCAS_10615) (fragment)(Xyn43A)"	3.2.1.8	http://pubmed.ncbi.nlm.nih.gov/20400560	Cellulosilyticum ruminicola CGMCC 1.5065	ACZ98594.1	D2KFJ2		16	H7	"xylan endo-b-1,4-xylosidase"	bDXylp	"1,4"	bDXylp	"1,4"	bDXylp	"1,4"	bDXylp	H2O		
Bacteria	multifunctional α-L-arabinofuranosidase / endoxylanase / β-xylosidase (Axy43A; PcAxy43A; Xyl43AB6)	3.2.1.8	"['http://pubmed.ncbi.nlm.nih.gov/27663030', 'http://pubmed.ncbi.nlm.nih.gov/27663030', 'http://pubmed.ncbi.nlm.nih.gov/27663030']"	Paenibacillus curdlanolyticus B-6	AIW81427.1	A0A0A0WCE4		35	H7	"xylan endo-b-1,4-xylosidase"	bDXylp	"1,4"	bDXylp	"1,4"	bDXylp	"1,4"	bDXylp	H2O		
Bacteria	multifunctional α-L-arabinofuranosidase / endoxylanase / β-xylosidase (PcAxy43B)	3.2.1.8	"['http://pubmed.ncbi.nlm.nih.gov/34613758', 'http://pubmed.ncbi.nlm.nih.gov/34613758', 'http://pubmed.ncbi.nlm.nih.gov/34613758']"	Paenibacillus curdlanolyticus B-6	AIY28330.1	A0A0A1ED93		16	H7	"xylan endo-b-1,4-xylosidase"	bDXylp	"1,4"	bDXylp	"1,4"	bDXylp	"1,4"	bDXylp	H2O		
Bacteria	endoarabinanase 43A (Abn43A; Clocl_1869)	3.2.1.99	http://pubmed.ncbi.nlm.nih.gov/36251023	Acetivibrio clariflavus DSM 19732	AEV68477.1	G8LUU7		4	H76	"arabinan endo-a-1,5-arabinofuranosidase"	aLAraf	"1,5"	aLAraf	"1,5"	aLAraf	"1,5"	aLAraf	H2O		
Bacteria	"endo-α-1,5-L-arabinanase (BlAbn1; BLi03029; BL00353)"	3.2.1.99	http://pubmed.ncbi.nlm.nih.gov/29800670	Bacillus licheniformis DSM 13 = ATCC 14580	AAU41895.1	Q65GB9	"6B7K[A,B,C,D]"	5	H76	"arabinan endo-a-1,5-arabinofuranosidase"	aLAraf	"1,5"	aLAraf	"1,5"	aLAraf	"1,5"	aLAraf	H2O		
Bacteria	"endo-α-1,5-L-arabinanase (AbnA; BLABNase; BLi01295; BL02653)"	3.2.1.99	http://pubmed.ncbi.nlm.nih.gov/23274993	Bacillus licheniformis DSM 13 = ATCC 14580	AAU40201.1	Q65L63		5	H76	"arabinan endo-a-1,5-arabinofuranosidase"	aLAraf	"1,5"	aLAraf	"1,5"	aLAraf	"1,5"	aLAraf	H2O		
Bacteria	"endo-α-1,5-L-arabinanase (Anb)"	3.2.1.99	https://doi.org/10.1007/s12257-009-3138-5	Bacillus licheniformis KCS12	BAI47539.1	D0FZZ4		5	H76	"arabinan endo-a-1,5-arabinofuranosidase"	aLAraf	"1,5"	aLAraf	"1,5"	aLAraf	"1,5"	aLAraf	H2O		
Bacteria	"endo-α-1,5-L-arabinanase / protopectinase C (PPase-C)"	3.2.1.99	http://pubmed.ncbi.nlm.nih.gov/9183009	Bacillus subtilis IFO3134	BAA20372.1	O07078		5	H76	"arabinan endo-a-1,5-arabinofuranosidase"	aLAraf	"1,5"	aLAraf	"1,5"	aLAraf	"1,5"	aLAraf	H2O		
Bacteria	"endo-α-1,5-L-arabinanase (Abn2; YxiA; J3A; BsArb43B; BSU39330)(Arb43B)"	3.2.1.99	http://pubmed.ncbi.nlm.nih.gov/18408032	Bacillus subtilis subsp. subtilis str. 168	CAB15969.2	"['A0A6M4JQW9', 'A0AAE2VC92', 'B3FRL6', 'P42293']"	"['2X8F[A,B]', '2X8S[A,B]', '2X8T[A,B]', '4COT[A]']"	4	H76	"arabinan endo-a-1,5-arabinofuranosidase"	aLAraf	"1,5"	aLAraf	"1,5"	aLAraf	"1,5"	aLAraf	H2O		
Bacteria	"endo-α-1,5-L-arabinanase (AbnA; BSU28810)(Arb43A)"	3.2.1.99	http://pubmed.ncbi.nlm.nih.gov/15556708	Bacillus subtilis subsp. subtilis str. 168	CAB14841.2	"['A0A6M3ZJV7', 'P94522']"	1UV4[A]	5	H76	"arabinan endo-a-1,5-arabinofuranosidase"	aLAraf	"1,5"	aLAraf	"1,5"	aLAraf	"1,5"	aLAraf	H2O		
Bacteria	endo-α-L-arabinofuranosidase (BACINT_02777)	3.2.1.99	http://pubmed.ncbi.nlm.nih.gov/39443715	Bacteroides intestinalis DSM 17393	EDV03651.1			4	H76	"arabinan endo-a-1,5-arabinofuranosidase"	aLAraf	"1,5"	aLAraf	"1,5"	aLAraf	"1,5"	aLAraf	H2O		
Bacteria	"endo-α-1,5-L-arabinanase (BT0360; BT_0360) (linear arabinan specific)"	3.2.1.99	http://pubmed.ncbi.nlm.nih.gov/21339299	Bacteroides thetaiotaomicron VPI-5482	AAO75467.1	Q8AAV4		4	H76	"arabinan endo-a-1,5-arabinofuranosidase"	aLAraf	"1,5"	aLAraf	"1,5"	aLAraf	"1,5"	aLAraf	H2O		
Bacteria	"endo-α-1,5-L-arabinanase (BT0367; BT_0367) (branched arabinan-specific)"	3.2.1.99	http://pubmed.ncbi.nlm.nih.gov/29255254	Bacteroides thetaiotaomicron VPI-5482	AAO75474.1	Q8AAU7		4	H76	"arabinan endo-a-1,5-arabinofuranosidase"	aLAraf	"1,5"	aLAraf	"1,5"	aLAraf	"1,5"	aLAraf	H2O		
Bacteria	"bimodular α-1,5- and α-1,2-arabinofuranosidase (BlArafD; BLLJ_1851)"	3.2.1.99	http://pubmed.ncbi.nlm.nih.gov/35235007	Bifidobacterium longum subsp. longum JCM 1217	BAJ67515.1			22	H76	"arabinan endo-a-1,5-arabinofuranosidase"	aLAraf	"1,5"	aLAraf	"1,5"	aLAraf	"1,5"	aLAraf	H2O		
Bacteria	"arabinan endo-α-1,5-L-arabinofuranosidase 43A (Abn1; BflsABN43A)"	3.2.1.99	http://pubmed.ncbi.nlm.nih.gov/38542148	Bifidobacterium longum subsp. suis DSM 20211	WP_032684165.1	A0A087B7X1		4	H76	"arabinan endo-a-1,5-arabinofuranosidase"	aLAraf	"1,5"	aLAraf	"1,5"	aLAraf	"1,5"	aLAraf	H2O		
Bacteria	"arabinan endo-α-1,5-L-arabinofuranosidase 43B (Abn2; BflsABN43B)"	3.2.1.99	http://pubmed.ncbi.nlm.nih.gov/38542148	Bifidobacterium longum subsp. suis DSM 20211	WP_032684164.1	A0A087B7X0		4	H76	"arabinan endo-a-1,5-arabinofuranosidase"	aLAraf	"1,5"	aLAraf	"1,5"	aLAraf	"1,5"	aLAraf	H2O		
Bacteria	"arabinan endo-α-1,5-L-arabinosidase / debranching α-1,2/3-L-arabinofuranosidase (CpAbn43A)(Abn43A)"	3.2.1.99	http://pubmed.ncbi.nlm.nih.gov/28710263	Caldanaerobius polysaccharolyticus ATCC BAA-17	WP_026486268.1			4	H76	"arabinan endo-a-1,5-arabinofuranosidase"	aLAraf	"1,5"	aLAraf	"1,5"	aLAraf	"1,5"	aLAraf	H2O		
Bacteria	"endo-α-1,5-L-arabinanase (Calhy_1629)"	3.2.1.99	http://pubmed.ncbi.nlm.nih.gov/36169328	Caldicellulosiruptor hydrothermalis 108	ADQ07344.1	E4QC52		4	H76	"arabinan endo-a-1,5-arabinofuranosidase"	aLAraf	"1,5"	aLAraf	"1,5"	aLAraf	"1,5"	aLAraf	H2O		
Bacteria	"endo-α-1,5-L-arabinanase (Csac_1560)"	3.2.1.99	http://pubmed.ncbi.nlm.nih.gov/19458916	Caldicellulosiruptor saccharolyticus DSM 8903	ABP67152.1	A4XJR7		4	H76	"arabinan endo-a-1,5-arabinofuranosidase"	aLAraf	"1,5"	aLAraf	"1,5"	aLAraf	"1,5"	aLAraf	H2O		
Bacteria	"endo-α-1,5-L-arabinanase / exo-α-1,5-L-arabinanase 43A (ArbA; CJA_0805)(Arb43A)"	3.2.1.99	"['http://pubmed.ncbi.nlm.nih.gov/9163351', 'http://pubmed.ncbi.nlm.nih.gov/9163351']"	Cellvibrio japonicus Ueda107	ACE84667.1	"['B3PKP8', 'P95470']"	"['1GYD[B]', '1GYE[B]', '1GYH[A,B,C,D,E,F]']"	5	H76	"arabinan endo-a-1,5-arabinofuranosidase"	aLAraf	"1,5"	aLAraf	"1,5"	aLAraf	"1,5"	aLAraf	H2O		
Bacteria	α-L-arabinase (Dtur_1729)	3.2.1.99	http://pubmed.ncbi.nlm.nih.gov/28066333	Dictyoglomus turgidum DSM 6724	ACK43001.1	B8E3C7		4	H76	"arabinan endo-a-1,5-arabinofuranosidase"	aLAraf	"1,5"	aLAraf	"1,5"	aLAraf	"1,5"	aLAraf	H2O		
Bacteria	Fisuc_1994 / FSU_2517	3.2.1.99	http://pubmed.ncbi.nlm.nih.gov/21526192	Fibrobacter succinogenes subsp. succinogenes S85	ACX75582.1	C9RIW1		37	H76	"arabinan endo-a-1,5-arabinofuranosidase"	aLAraf	"1,5"	aLAraf	"1,5"	aLAraf	"1,5"	aLAraf	H2O		
Bacteria	"α-1,5-L-arabinanase (AbnB;HUS_CDS25) (intracellular)"	3.2.1.99	http://pubmed.ncbi.nlm.nih.gov/19505290	Geobacillus stearothermophilus T-6 NCIMB 40222	ACE73676.1	B3EYM8	"['3CU9[A]', '3D5Y[A]', '3D5Z[A]', '3D60[A]', '3D61[A]', '6F1G[A]']"	5	H76	"arabinan endo-a-1,5-arabinofuranosidase"	aLAraf	"1,5"	aLAraf	"1,5"	aLAraf	"1,5"	aLAraf	H2O		
Bacteria	"endo-α-1,5-L-arabinanase (AbnA) (extracellular)"	3.2.1.99	http://pubmed.ncbi.nlm.nih.gov/21460081	Geobacillus stearothermophilus T-6 NCIMB 40222	ACE73680.1	B3EYN2	"['5HO0[A]', '5HO2[A]', '5HO9[A,B]', '5HOF[A]', '5HP6[A]']"	4	H76	"arabinan endo-a-1,5-arabinofuranosidase"	aLAraf	"1,5"	aLAraf	"1,5"	aLAraf	"1,5"	aLAraf	H2O		
Bacteria	"endo-α-1,5-L-arabinanase (ABN-TS)"	3.2.1.99	http://pubmed.ncbi.nlm.nih.gov/11999422	Geobacillus thermodenitrificans TS-3	BAB64339.1	Q93HT9	"['1WL7[A]', '6A8H[A]', '6A8I[A,B]']"	5	H76	"arabinan endo-a-1,5-arabinofuranosidase"	aLAraf	"1,5"	aLAraf	"1,5"	aLAraf	"1,5"	aLAraf	H2O		
Bacteria	arabinanase A (AbnA; HCN73_09295)	3.2.1.99	http://pubmed.ncbi.nlm.nih.gov/33119797	Lactobacillus crispatus DSM 29598	MBA2916505.1	A0A2M9WNX7		4	H76	"arabinan endo-a-1,5-arabinofuranosidase"	aLAraf	"1,5"	aLAraf	"1,5"	aLAraf	"1,5"	aLAraf	H2O		
Bacteria	arabinanase B (AbnB; HCN73_09330)	3.2.1.99	http://pubmed.ncbi.nlm.nih.gov/33119797	Lactobacillus crispatus DSM 29598	MBA2916512.1			4	H76	"arabinan endo-a-1,5-arabinofuranosidase"	aLAraf	"1,5"	aLAraf	"1,5"	aLAraf	"1,5"	aLAraf	H2O		
Bacteria	"endo-α-1,5-L-arabinanase (AbnZ3;YxiA3)"	3.2.1.99	https://doi.org/10.1186/s40643-014-0014-8	Paenibacillus polymyxa Z6	AHA50064.1	V5LEX8		4	H76	"arabinan endo-a-1,5-arabinofuranosidase"	aLAraf	"1,5"	aLAraf	"1,5"	aLAraf	"1,5"	aLAraf	H2O		
Bacteria	"endo-α-1,5-L-arabinanase (AbnZ2;Yxia1)"	3.2.1.99	https://doi.org/10.1186/s40643-014-0014-8	Paenibacillus polymyxa Z6	AHA50063.1	V5LFQ5		4	H76	"arabinan endo-a-1,5-arabinofuranosidase"	aLAraf	"1,5"	aLAraf	"1,5"	aLAraf	"1,5"	aLAraf	H2O		
Bacteria	"endo-α-1,5-L-arabinanase (AbnZ1)"	3.2.1.99	http://pubmed.ncbi.nlm.nih.gov/25077565	Paenibacillus polymyxa Z6	AHA50062.1	V5LER1		5	H76	"arabinan endo-a-1,5-arabinofuranosidase"	aLAraf	"1,5"	aLAraf	"1,5"	aLAraf	"1,5"	aLAraf	H2O		
Bacteria	endo-arabinanase (Abn; Tth Abn; Theth_1128)	3.2.1.99	http://pubmed.ncbi.nlm.nih.gov/24886412	Pseudothermotoga thermarum DSM 5069	AEH51204.1	F7YX80		4	H76	"arabinan endo-a-1,5-arabinofuranosidase"	aLAraf	"1,5"	aLAraf	"1,5"	aLAraf	"1,5"	aLAraf	H2O		
Bacteria	arabinanase (GH43D;RUM_09280)(Ara43D)	3.2.1.99	http://pubmed.ncbi.nlm.nih.gov/26347002	Ruminococcus champanellensis 18P13 = JCM 17042	CBL17100.1	D4LBV5		4	H76	"arabinan endo-a-1,5-arabinofuranosidase"	aLAraf	"1,5"	aLAraf	"1,5"	aLAraf	"1,5"	aLAraf	H2O		
Bacteria	arabinanase (GH43A;RUM_09320)(Ara43A)	3.2.1.99	http://pubmed.ncbi.nlm.nih.gov/26347002	Ruminococcus champanellensis 18P13 = JCM 17042	CBL17103.1	D4LBV8		37	H76	"arabinan endo-a-1,5-arabinofuranosidase"	aLAraf	"1,5"	aLAraf	"1,5"	aLAraf	"1,5"	aLAraf	H2O		
Bacteria	"endo-α-1,5-L-arabinanase (AbnA;TpABN;Tpet_0637)"	3.2.1.99	http://pubmed.ncbi.nlm.nih.gov/19724128	Thermotoga petrophila RKU-1	ABQ46657.1	A5IKD4	"['4KC7[A,B,C]', '4KC8[A,B,C]']"	4	H76	"arabinan endo-a-1,5-arabinofuranosidase"	aLAraf	"1,5"	aLAraf	"1,5"	aLAraf	"1,5"	aLAraf	H2O		
Bacteria	"endo-α-1,5-L-arabinanase (Arn2)"	3.2.1.99	http://pubmed.ncbi.nlm.nih.gov/20001905	uncultured bacterium	ADB43998.1	D2XML7		4	H76	"arabinan endo-a-1,5-arabinofuranosidase"	aLAraf	"1,5"	aLAraf	"1,5"	aLAraf	"1,5"	aLAraf	H2O		
Bacteria	"endo-α-1,5-L-arabinanase (Arn2;ARN2) (partial)"	3.2.1.99	http://pubmed.ncbi.nlm.nih.gov/24469445	uncultured rumen bacterium			"['4KCA[A]', '4KCA[B]']"	4	H76	"arabinan endo-a-1,5-arabinofuranosidase"	aLAraf	"1,5"	aLAraf	"1,5"	aLAraf	"1,5"	aLAraf	H2O		
Bacteria	endo-arabinanase (MC68GH43-1)	3.2.1.99	http://pubmed.ncbi.nlm.nih.gov/36371193	Xylanivirga thermophila	UKG18727.1			4	H76	"arabinan endo-a-1,5-arabinofuranosidase"	aLAraf	"1,5"	aLAraf	"1,5"	aLAraf	"1,5"	aLAraf	H2O		
Bacteria	endo-arabinanase (MC72GH43-2)	3.2.1.99	http://pubmed.ncbi.nlm.nih.gov/36371193	Xylanivirga thermophila	UKG18730.1			4	H76	"arabinan endo-a-1,5-arabinofuranosidase"	aLAraf	"1,5"	aLAraf	"1,5"	aLAraf	"1,5"	aLAraf	H2O		
Eukaryota	α-L-arabinofuranosidase (Abn4)	3.2.1.-	https://doi.org/10.1016/j.biortech.2010.09.029	Chrysosporium lucknowense C1	ADZ98860.1	F2X2F6		26												
Eukaryota	"exo-β-1,3-galactanase (Fo1,3Gal)"	3.2.1.145	http://pubmed.ncbi.nlm.nih.gov/23429923	Fusarium oxysporum 12S	BAG80558.1	B6F260		24	H113	"galactan exo-b-1,3-galactosidase"			[bDGalp	"1,3"	bDGalp	"1,3"	bDGalp	H2O		
Eukaryota	"exo-β-1,3-galactanase (Il3Gal; Il1,3GAL)"	3.2.1.145	http://pubmed.ncbi.nlm.nih.gov/19809200	Irpex lacteus NBRC 5367	BAH29957.1	B9ZZS1		24	H113	"galactan exo-b-1,3-galactosidase"			[bDGalp	"1,3"	bDGalp	"1,3"	bDGalp	H2O		
Eukaryota	"exo-β-1,3-galactanase (PoGal3; PDE_09279)"	3.2.1.145	http://pubmed.ncbi.nlm.nih.gov/35879293	Penicillium oxalicum 114-2 / sp. 68	EPS34315.1	S7ZUD9		24	H113	"galactan exo-b-1,3-galactosidase"			[bDGalp	"1,3"	bDGalp	"1,3"	bDGalp	H2O		
Eukaryota	"exo-β-1,3-galactanase (Pc1,3Gal43A)(1,3Gal43A)"	3.2.1.145	http://pubmed.ncbi.nlm.nih.gov/15866877	Phanerochaete chrysosporium	BAD98241.1	Q50KB2	"['7BYS[A,B]', '7BYT[A]', '7BYV[A]', '7BYX[A,B,C,D]']"	24	H113	"galactan exo-b-1,3-galactosidase"			[bDGalp	"1,3"	bDGalp	"1,3"	bDGalp	H2O		
Eukaryota	β-xylosidase (XylB;AO090005000698)	3.2.1.37	http://pubmed.ncbi.nlm.nih.gov/20129093	Aspergillus oryzae RIB40	BAE55732.1	Q2URT3		1	H27	"xylan exo-b-1,4-xylosidase"			[bDXylp	"1,4"	bDXylp	"1,4"	bDXylp	H2O		
Eukaryota	β-xylosidase (AtL)	3.2.1.37	http://pubmed.ncbi.nlm.nih.gov/23211479	Aspergillus terreus Li-20	AFD63137.1	H9BYY0		1	H27	"xylan exo-b-1,4-xylosidase"			[bDXylp	"1,4"	bDXylp	"1,4"	bDXylp	H2O		
Eukaryota	β-xylosidase (Xyp1)	3.2.1.37	http://pubmed.ncbi.nlm.nih.gov/10376824	Bipolaris zeicola	AAC67554.1	O93912		1	H27	"xylan exo-b-1,4-xylosidase"			[bDXylp	"1,4"	bDXylp	"1,4"	bDXylp	H2O		
Eukaryota	β-xylosidase / α-L-arabinofuranosidase(Xyl43A)	3.2.1.37	http://pubmed.ncbi.nlm.nih.gov/24262572	Humicola insolens Y1	AHC72382.1	V9TNS0		1	H27	"xylan exo-b-1,4-xylosidase"			[bDXylp	"1,4"	bDXylp	"1,4"	bDXylp	H2O		
Eukaryota	β-xylosidase / α-L-arabinofuranosidase(Xyl43B)	3.2.1.37	"['http://pubmed.ncbi.nlm.nih.gov/24262572', 'http://pubmed.ncbi.nlm.nih.gov/24262572']"	Humicola insolens Y1	AHC72383.1	V9TT49		11	H27	"xylan exo-b-1,4-xylosidase"			[bDXylp	"1,4"	bDXylp	"1,4"	bDXylp	H2O		
Eukaryota	β-xylosidase (XylCD2)	3.2.1.37	http://pubmed.ncbi.nlm.nih.gov/30138852	Irpex lacteus CD2	AWU22294.1	A0A2U9Q8M3		1	H27	"xylan exo-b-1,4-xylosidase"			[bDXylp	"1,4"	bDXylp	"1,4"	bDXylp	H2O		
Eukaryota	"β-1,4-xylosidase (PtXyl43)(Xyl43)"	3.2.1.37	http://pubmed.ncbi.nlm.nih.gov/18180153	Paecilomyces sp. thermophila / Paecilomyces thermophila J18	ADM33794.1	F1APW0		1	H27	"xylan exo-b-1,4-xylosidase"			[bDXylp	"1,4"	bDXylp	"1,4"	bDXylp	H2O		
Eukaryota	β-xylosidase S2	3.2.1.37	http://pubmed.ncbi.nlm.nih.gov/16233536	Penicillium herquei IFO 4674	BAC75546.1	Q870E8		1	H27	"xylan exo-b-1,4-xylosidase"			[bDXylp	"1,4"	bDXylp	"1,4"	bDXylp	H2O		
Eukaryota	β-xylosidase (Xyl43; PDE_06306)	3.2.1.37	http://pubmed.ncbi.nlm.nih.gov/28912429	Penicillium oxalicum 114-2	EPS31351.1	S7ZRR2		1	H27	"xylan exo-b-1,4-xylosidase"			[bDXylp	"1,4"	bDXylp	"1,4"	bDXylp	H2O		
Eukaryota	β-xylosidase (Xyl;PcXyl)	3.2.1.37	http://pubmed.ncbi.nlm.nih.gov/23474097	Phanerochaete chrysosporium BKM-F-1767	AFW16059.1	K7T9D9		14	H27	"xylan exo-b-1,4-xylosidase"			[bDXylp	"1,4"	bDXylp	"1,4"	bDXylp	H2O		
Eukaryota	β-xylosidase (RrXyl43A)(Xyl43A)	3.2.1.37	http://pubmed.ncbi.nlm.nih.gov/30397764	Rhizophlyctis rosea	AWL24827.1	A0A2U8LMQ1		1	H27	"xylan exo-b-1,4-xylosidase"			[bDXylp	"1,4"	bDXylp	"1,4"	bDXylp	H2O		
Eukaryota	α-L-arabinofuranosidase 3 / β-xylosidase (Abf3)	3.2.1.37	"['http://pubmed.ncbi.nlm.nih.gov/24184421', 'http://pubmed.ncbi.nlm.nih.gov/24184421']"	Talaromyces purpureogenus MYA-38	ACP50519.2	C3W4Y2		29	H27	"xylan exo-b-1,4-xylosidase"			[bDXylp	"1,4"	bDXylp	"1,4"	bDXylp	H2O		
Eukaryota	β-xylosidase (Xyl1)	3.2.1.37	http://pubmed.ncbi.nlm.nih.gov/24184421	Talaromyces purpureogenus MYA-38	AFX58964.1	K7WBC5		1	H27	"xylan exo-b-1,4-xylosidase"			[bDXylp	"1,4"	bDXylp	"1,4"	bDXylp	H2O		
Eukaryota	"β-1,4-xylosidase (Xyl43;TlXyl43;NOKS4_002883-RA)"	3.2.1.37	http://pubmed.ncbi.nlm.nih.gov/22897832	Thermomyces lanuginosus CAU44	ADW66247.1	G9B187		1	H27	"xylan exo-b-1,4-xylosidase"			[bDXylp	"1,4"	bDXylp	"1,4"	bDXylp	H2O		
Eukaryota	α-L-arabinofuranosidase (AnAbf; An08g01900)	3.2.1.55	http://pubmed.ncbi.nlm.nih.gov/31525590	Aspergillus niger CBS 513.88	CAK39870.1	A2QQB3		14	H41	a-L-arabinofuranosidase			[aLAraf	"1,X"	alcohol			H2O		
Eukaryota	α-L-arabinofuranosidase (Ara;CsAra)	3.2.1.55	https://doi.org/10.1016/j.procbio.2011.12.003	Chaetomium sp. CQ31	AFU88757.1	K7QK60		26	H41	a-L-arabinofuranosidase			[aLAraf	"1,X"	alcohol			H2O		
Eukaryota	"arabinoxylan hydrolase / double substituted xylan α-1,3-L-arabinofuranosidase (Abn7; AXHd; ABF-d3)"	3.2.1.55	http://pubmed.ncbi.nlm.nih.gov/22112956	Chrysosporium lucknowense C1	ADZ98862.1	F2X2F8		36	H41	a-L-arabinofuranosidase			[aLAraf	"1,X"	alcohol			H2O		
Eukaryota	"double substituted xylan α-1,3-L-arabinofuranosidase (α-araF; AXHd3; HiAXHd3; Abf II; HiABF43_36a; ABF-d3)"	3.2.1.55	http://pubmed.ncbi.nlm.nih.gov/16944135	Humicola insolens DSM 18000	CAL81199.1		"['3ZXJ[A,B]', '3ZXK[A,B]', '3ZXL[A,B]']"	36	H41	a-L-arabinofuranosidase			[aLAraf	"1,X"	alcohol			H2O		
Eukaryota	α-L-arabinofuranosidase (Abf43;HiAbf43)	3.2.1.55	http://pubmed.ncbi.nlm.nih.gov/25432346	Humicola insolens Y1	AIM56896.1	A0A0F6NRE2		26	H41	a-L-arabinofuranosidase			[aLAraf	"1,X"	alcohol			H2O		
Eukaryota	β-xylosidase / α-L-arabinofuranosidase(Xyl43B)	3.2.1.55	"['http://pubmed.ncbi.nlm.nih.gov/24262572', 'http://pubmed.ncbi.nlm.nih.gov/24262572']"	Humicola insolens Y1	AHC72383.1	V9TT49		11	H41	a-L-arabinofuranosidase			[aLAraf	"1,X"	alcohol			H2O		
Eukaryota	single-substituted arabinan-specific α-L-arabinofuranosidase (PcAbf43A;Pc06g00650)(Abf43A)	3.2.1.55	http://pubmed.ncbi.nlm.nih.gov/24731829	Penicillium chrysogenum 31B	BAM73651.1	L0N6Q8		26	H41	a-L-arabinofuranosidase			[aLAraf	"1,X"	alcohol			H2O		
Eukaryota	α-L-arabinofuranosidase (PcAbf43B)(Abf43B)	3.2.1.55	http://pubmed.ncbi.nlm.nih.gov/26002506	Penicillium chrysogenum 31B	BAQ35744.1	A0A0C6ES44		21	H41	a-L-arabinofuranosidase			[aLAraf	"1,X"	alcohol			H2O		
Eukaryota	"disubstituted xylan α-1,2- and α-1,3-L-arabinofuranosidase 43A (Pp08283)(Abf43A)"	3.2.1.55	http://pubmed.ncbi.nlm.nih.gov/41172254	Penicillium parvum 4-14 / CCTCC M2015404	XQT18481.1			36	H41	a-L-arabinofuranosidase			[aLAraf	"1,X"	alcohol			H2O		
Eukaryota	α-L-arabinofuranosidase B (AbfB;MoAbfB;MG06843;MGG_06843(	3.2.1.55	http://pubmed.ncbi.nlm.nih.gov/27764242	Pyricularia oryzae 70-15	XP_370346.1	G4MMH2		26	H41	a-L-arabinofuranosidase			[aLAraf	"1,X"	alcohol			H2O		
Eukaryota	"bifunctional α-L-arabinofuranosidase / endo-β-1,4-xylanase (TpABF43_36b; TCE0_034r11814; ABF-m2,3)"	3.2.1.55	"['http://pubmed.ncbi.nlm.nih.gov/36430284', 'http://pubmed.ncbi.nlm.nih.gov/36430284']"	Talaromyces pinophilus Y-94	GAM39897.1	A0A6V8HEJ6		36	H41	a-L-arabinofuranosidase			[aLAraf	"1,X"	alcohol			H2O		
Eukaryota	α-L-arabinofuranosidase 3 / β-xylosidase (Abf3)	3.2.1.55	"['http://pubmed.ncbi.nlm.nih.gov/24184421', 'http://pubmed.ncbi.nlm.nih.gov/24184421']"	Talaromyces purpureogenus MYA-38	ACP50519.2	C3W4Y2		29	H41	a-L-arabinofuranosidase			[aLAraf	"1,X"	alcohol			H2O		
Eukaryota	α-L-arabinofuranosidase (Abn7; Abf43; TtAbf43; MYCTH_2303298)	3.2.1.55	http://pubmed.ncbi.nlm.nih.gov/39900162	Thermothelomyces thermophilus ATCC 42464	AEO57303.1			36	H41	a-L-arabinofuranosidase			[aLAraf	"1,X"	alcohol			H2O		
Eukaryota	"bifunctional α-L-arabinofuranosidase / endo-β-1,4-xylanase (TpABF43_36b; TCE0_034r11814; ABF-m2,3)"	3.2.1.8	"['http://pubmed.ncbi.nlm.nih.gov/36430284', 'http://pubmed.ncbi.nlm.nih.gov/36430284']"	Talaromyces pinophilus Y-94	GAM39897.1	A0A6V8HEJ6		36	H7	"xylan endo-b-1,4-xylosidase"	bDXylp	"1,4"	bDXylp	"1,4"	bDXylp	"1,4"	bDXylp	H2O		
Eukaryota	"endo-α-1,5-L-arabinanase (Ara1)"	3.2.1.99	http://pubmed.ncbi.nlm.nih.gov/11523809	Aspergillus aculeatus CBS 101.43	AAG27441.1	Q9HFS9		6	H76	"arabinan endo-a-1,5-arabinofuranosidase"	aLAraf	"1,5"	aLAraf	"1,5"	aLAraf	"1,5"	aLAraf	H2O		
Eukaryota	"endo-α-1,5-L-arabinosidase (AN8007.2)"	3.2.1.99	http://pubmed.ncbi.nlm.nih.gov/16844780	Aspergillus nidulans FGSC A4	EAA58810.1	"['C8V5S3', 'Q5AUM3']"		6	H76	"arabinan endo-a-1,5-arabinofuranosidase"	aLAraf	"1,5"	aLAraf	"1,5"	aLAraf	"1,5"	aLAraf	H2O		
Eukaryota	"endo-α-1,5-L-arabinosidase (AN6352.2)"	3.2.1.99	http://pubmed.ncbi.nlm.nih.gov/16844780	Aspergillus nidulans FGSC A4	EAA58736.1	"['C8V0Y7', 'Q5AZC8']"		6	H76	"arabinan endo-a-1,5-arabinofuranosidase"	aLAraf	"1,5"	aLAraf	"1,5"	aLAraf	"1,5"	aLAraf	H2O		
Eukaryota	An09g01190 (AbnA)	3.2.1.99	http://pubmed.ncbi.nlm.nih.gov/7764386	Aspergillus niger CBS 513.88	CAK49041.1	A2QT85		6	H76	"arabinan endo-a-1,5-arabinofuranosidase"	aLAraf	"1,5"	aLAraf	"1,5"	aLAraf	"1,5"	aLAraf	H2O		
Eukaryota	"arabinan endo-α-1,5-L-arabinosidase A (AbnA; E-EARAB; AnEARAB)"	3.2.1.99	http://pubmed.ncbi.nlm.nih.gov/7764386	Aspergillus niger CBS120.49 / N400	AAA32682.1	P42256		6	H76	"arabinan endo-a-1,5-arabinofuranosidase"	aLAraf	"1,5"	aLAraf	"1,5"	aLAraf	"1,5"	aLAraf	H2O		
Eukaryota	"endo-α-1,5-L-arabinanase (AbnA)"	3.2.1.99	https://doi.org/10.1016/j.molcatb.2012.01.002	Aspergillus niveus PR-2	AEV23010.1	H6TQN0		6	H76	"arabinan endo-a-1,5-arabinofuranosidase"	aLAraf	"1,5"	aLAraf	"1,5"	aLAraf	"1,5"	aLAraf	H2O		
Eukaryota	"endo-α-1,5-L-arabinanase (Abn1)"	3.2.1.99	http://pubmed.ncbi.nlm.nih.gov/20566287	Chrysosporium lucknowense C1	ADZ98858.1	F2X2F4		6	H76	"arabinan endo-a-1,5-arabinofuranosidase"	aLAraf	"1,5"	aLAraf	"1,5"	aLAraf	"1,5"	aLAraf	H2O		
Eukaryota	"arabinan endo-α-1,5-L-arabinosidase (AbnC;Abnc)"	3.2.1.99	https://doi.org/10.5458/jag.52.369	Penicillium chrysogenum 31B	BAD15018.1	Q75WE6		6	H76	"arabinan endo-a-1,5-arabinofuranosidase"	aLAraf	"1,5"	aLAraf	"1,5"	aLAraf	"1,5"	aLAraf	H2O		
Eukaryota	"endo-α-1,5-L-arabinanase (AbnS1)"	3.2.1.99	http://pubmed.ncbi.nlm.nih.gov/21748379	Penicillium chrysogenum 31B	BAD89094.2	Q5H7M8	cryst	6	H76	"arabinan endo-a-1,5-arabinofuranosidase"	aLAraf	"1,5"	aLAraf	"1,5"	aLAraf	"1,5"	aLAraf	H2O		
Eukaryota	"endo-α-1,5-L-arabinanase (Ara; PcARA)"	3.2.1.99	http://pubmed.ncbi.nlm.nih.gov/23361183	Phanerochaete chrysosporium BKM-F-1767	AFN42888.1	I6XPK9		5	H76	"arabinan endo-a-1,5-arabinofuranosidase"	aLAraf	"1,5"	aLAraf	"1,5"	aLAraf	"1,5"	aLAraf	H2O		
Eukaryota	"endo-1,5-α-L-arabinanase (RmArase)"	3.2.1.99	http://pubmed.ncbi.nlm.nih.gov/25582414	Rhizomucor miehei CAU432	AHF50152.1	A0A0C4JZB0		5	H76	"arabinan endo-a-1,5-arabinofuranosidase"	aLAraf	"1,5"	aLAraf	"1,5"	aLAraf	"1,5"	aLAraf	H2O		
unclassified	"exo-α-L-1,5-arabinanase 43B (G12-19; GH43a(G12); BN138_181)(Abn43B)"	3.2.1.-	http://pubmed.ncbi.nlm.nih.gov/25304507	termite gut metagenome	CCO20993.1	S0DDV5		4												
unclassified	β-xylosidase	3.2.1.37	http://pubmed.ncbi.nlm.nih.gov/30601862	feces metagenome	AZU96774.1			35	H27	"xylan exo-b-1,4-xylosidase"			[bDXylp	"1,4"	bDXylp	"1,4"	bDXylp	H2O		
unclassified	β-xylosidase (GH43(A3);BN138_18)	3.2.1.37	http://pubmed.ncbi.nlm.nih.gov/23672637	termite gut metagenome	CCO20830.1	S0DFD1		11	H27	"xylan exo-b-1,4-xylosidase"			[bDXylp	"1,4"	bDXylp	"1,4"	bDXylp	H2O		
unclassified	β-xylosidase / α-L-arabinofuranosidase (GH43(F3);BN138_114)	3.2.1.37	"['http://pubmed.ncbi.nlm.nih.gov/23672637', 'http://pubmed.ncbi.nlm.nih.gov/23672637']"	termite gut metagenome	CCO20926.1	S0DG39	"9NO3[A,B,C,D]"	35	H27	"xylan exo-b-1,4-xylosidase"			[bDXylp	"1,4"	bDXylp	"1,4"	bDXylp	H2O		
unclassified	β-xylosidase (RS223-BX)	3.2.1.37	http://pubmed.ncbi.nlm.nih.gov/23273276	uncultured organism	AFP23142.1	I7EUE2	"4MLG[A,B,C,D,E,F,G,H,I,J,K,L]"	1	H27	"xylan exo-b-1,4-xylosidase"			[bDXylp	"1,4"	bDXylp	"1,4"	bDXylp	H2O		
unclassified	β-xylosidase (c24_6)	3.2.1.37	http://pubmed.ncbi.nlm.nih.gov/24069019	uncultured organism	AGU10366.1			1	H27	"xylan exo-b-1,4-xylosidase"			[bDXylp	"1,4"	bDXylp	"1,4"	bDXylp	H2O		
unclassified	β-xylosidase / α-L-arabinofuranosidase (GH43(F3);BN138_114)	3.2.1.55	"['http://pubmed.ncbi.nlm.nih.gov/23672637', 'http://pubmed.ncbi.nlm.nih.gov/23672637']"	termite gut metagenome	CCO20926.1	S0DG39	"9NO3[A,B,C,D]"	35	H41	a-L-arabinofuranosidase			[aLAraf	"1,X"	alcohol			H2O		
unclassified	arabinanase 43A (AbnA; G12-10; GH43b(G12); BN138_172)(Abn43A)	3.2.1.99	http://pubmed.ncbi.nlm.nih.gov/23672637	termite gut metagenome	CCO20984.1	S0DDY0		4	H76	"arabinan endo-a-1,5-arabinofuranosidase"	aLAraf	"1,5"	aLAraf	"1,5"	aLAraf	"1,5"	aLAraf	H2O		